id,name,dynasty,poem_count,is_merged
0,诗经,周,305,False
1,王褒,周,134,False
2,屈原,周,52,False
3,刘向,周,21,False
4,王逸,周,20,False
5,孔子弟子及再传弟子,周,20,False
6,宋玉,周,4,False
7,贾谊,周,2,False
8,淮南小山,周,2,False
9,庄忌,周,2,False
11,伯夷,周,1,False
12,荆轲,周,1,False
13,南海五仙人,周,1,False
14,曹植,汉,268,False
15,两汉乐府,汉,106,False
16,曹操,汉,50,False
17,东方朔,汉,19,False
18,[汉]古诗十九首,汉,19,False
19,李尤,汉,16,False
20,蔡邕,汉,12,False
21,班固,汉,12,False
22,秦嘉,汉,12,False
23,杨孚,汉,12,False
24,崔骃,汉,10,False
25,孔融,汉,7,False
26,刘彻,汉,7,False
27,蔡琰,汉,5,False
28,薛综,汉,5,False
29,司马相如,汉,4,False
30,汉伦,汉,4,False
31,唐菆,汉,4,False
32,仲长统,汉,4,False
33,梁鸿,汉,3,False
34,刘去,汉,3,False
35,傅毅,汉,3,False
36,郦炎,汉,3,False
37,刘邦,汉,2,False
38,赵壹,汉,2,False
39,四皓,汉,2,False
40,韦孟,汉,2,False
41,刘弗陵,汉,2,False
42,韦玄成,汉,2,False
43,侯瑾,汉,2,False
45,班婕妤,汉,1,False
46,王嫱,汉,1,False
47,刘细君,汉,1,False
48,朱穆,汉,1,False
49,宋子侯,汉,1,False
50,李延年,汉,1,False
51,辛延年,汉,1,False
52,项羽,汉,1,False
53,虞姬,汉,1,False
54,汉老,汉,1,False
55,汉臣,汉,1,False
56,戚夫人,汉,1,False
57,刘友,汉,1,False
58,枚乘,汉,1,False
59,刘安,汉,1,False
60,商丘成,汉,1,False
61,华容夫人,汉,1,False
62,李陵,汉,1,False
63,刘胥,汉,1,False
64,杨恽,汉,1,False
65,息夫躬,汉,1,False
66,马援,汉,1,False
67,杜笃,汉,1,False
68,刘苍,汉,1,False
69,刘騊駼,汉,1,False
70,石勋,汉,1,False
71,桓麟,汉,1,False
72,应季先,汉,1,False
73,仇靖,汉,1,False
74,刘辩,汉,1,False
75,唐姬,汉,1,False
76,赵岐,汉,1,False
77,郭苍,汉,1,False
78,高彪,汉,1,False
81,傅玄,晋,130,False
84,阮籍,晋,101,False
85,郭璞,晋,62,False
86,曹丕,晋,60,False
87,张华,晋,58,False
88,嵇康,晋,53,False
89,陆云,晋,50,False
90,应璩,晋,38,False
91,王粲,晋,35,False
92,卢谌,晋,32,False
93,潘尼,晋,32,False
96,刘桢,晋,28,False
97,杨羲,晋,26,False
98,庾阐,晋,24,False
99,曹毗,晋,23,False
100,支遁,晋,22,False
101,傅咸,晋,21,False
102,曹睿,晋,19,False
103,左思,晋,18,False
105,湛方生,晋,17,False
106,张协,晋,16,False
107,阮瑀,晋,15,False
108,曹摅,晋,15,False
109,李颙,晋,13,False
110,张翼,晋,13,False
111,张翰,晋,13,False
112,徐干,晋,12,False
113,孙绰,晋,12,False
114,石崇,晋,10,False
115,司马彪,晋,10,False
116,夏侯湛,晋,10,False
117,王赞,晋,9,False
118,成公绥,晋,9,False
119,棘据,晋,9,False
120,郑丰,晋,9,False
121,王嘉,晋,9,False
122,孙楚,晋,8,False
123,繁钦,晋,8,False
124,许翙,晋,8,False
125,应玚,晋,7,False
126,袁宏,晋,7,False
127,束皙,晋,7,False
128,赵整,晋,7,False
129,挚虞,晋,6,False
130,王浚,晋,5,False
131,刘琨,晋,5,False
132,陈琳,晋,5,False
133,乐府,晋,5,False
134,嵇喜,晋,5,False
135,荀勖,晋,5,False
136,何劭,晋,5,False
137,谢混,晋,5,False
138,王齐之,晋,5,False
139,苏彦,晋,4,False
140,郭遐周,晋,4,False
141,董京,晋,4,False
142,嵇含,晋,4,False
143,牵秀,晋,4,False
144,闾丘冲,晋,4,False
145,王羲之,晋,4,False
146,王献之,晋,4,False
147,王彪之,晋,4,False
148,王珣,晋,4,False
149,顾恺之,晋,4,False
150,羊权,晋,4,False
151,左延年,晋,3,False
152,毌丘俭,晋,3,False
153,阮侃,晋,3,False
154,裴秀,晋,3,False
155,杜育,晋,3,False
156,棘腆,晋,3,False
157,棘嵩,晋,3,False
158,李充,晋,3,False
159,谢尚,晋,3,False
160,江回,晋,3,False
161,张望,晋,3,False
162,许询,晋,3,False
163,谢安,晋,3,False
164,谢道韫,晋,3,False
165,谢芳姿,晋,3,False
166,桓玄,晋,3,False
167,殷仲文,晋,3,False
168,陆冲,晋,3,False
169,袁山松,晋,2,False
170,麋元,晋,2,False
171,杜挚,晋,2,False
172,曹髦,晋,2,False
173,郭遐叔,晋,2,False
174,江伟,晋,2,False
175,程咸,晋,2,False
176,刘伶,晋,2,False
177,程晓,晋,2,False
178,应贞,晋,2,False
179,皇甫谧,晋,2,False
180,阮修,晋,2,False
181,郭愔,晋,2,False
182,梅陶,晋,2,False
183,王胡之,晋,2,False
184,孙放,晋,2,False
185,谢万,晋,2,False
186,孙统,晋,2,False
187,袁峤之,晋,2,False
188,王凝之,晋,2,False
189,王肃之,晋,2,False
190,王徽之,晋,2,False
191,王彬之,晋,2,False
192,徐丰之,晋,2,False
193,习凿齿,晋,2,False
194,苻朗,晋,2,False
195,羊徽,晋,2,False
196,王升之,晋,2,False
197,卞裕,晋,2,False
198,王康琚,晋,2,False
199,康僧渊,晋,2,False
200,竺昙林,晋,2,False
201,刘臻妻,晋,2,False
202,慧远,晋,1,False
203,甄皇后,晋,1,False
204,邯郸淳,晋,1,False
205,焦先,晋,1,False
206,吴质,晋,1,False
207,曹彪,晋,1,False
208,何晏,晋,1,False
209,韦诞,晋,1,False
210,仙道,晋,1,False
211,费祎,晋,1,False
212,张纯,晋,1,False
213,诸葛恪,晋,1,False
214,华核,晋,1,False
215,周昭,晋,1,False
216,孙皓,晋,1,False
217,司马懿,晋,1,False
218,何桢,晋,1,False
219,钟琰,晋,1,False
220,应亨,晋,1,False
221,阮种,晋,1,False
222,辛旷,晋,1,False
223,贾充,晋,1,False
224,王铨,晋,1,False
225,郭泰机,晋,1,False
226,周处,晋,1,False
227,邹湛,晋,1,False
228,阎赞,晋,1,False
229,夏侯冲,晋,1,False
230,绿珠,晋,1,False
231,翾风,晋,1,False
232,夏靖,晋,1,False
233,顾秘,晋,1,False
234,崔寔,晋,1,False
235,孙拯,晋,1,False
236,嵇绍,晋,1,False
237,左芬,晋,1,False
238,孙机,晋,1,False
239,苏伯玉妻,晋,1,False
240,干宝,晋,1,False
241,荀组,晋,1,False
242,王廙,晋,1,False
243,熊甫,晋,1,False
244,甄述,晋,1,False
245,朱德才,晋,1,False
246,温峤,晋,1,False
247,袁乔,晋,1,False
248,郗超,晋,1,False
249,孙嗣,晋,1,False
250,郗昙,晋,1,False
251,庾友,晋,1,False
252,庾蕴,晋,1,False
253,曹茂之,晋,1,False
254,华茂,晋,1,False
255,桓伟,晋,1,False
256,王玄之,晋,1,False
257,王涣之,晋,1,False
258,王蕴之,晋,1,False
259,王丰之,晋,1,False
260,魏滂,晋,1,False
261,虞说,晋,1,False
262,谢绎,晋,1,False
263,曹华,晋,1,False
264,司马曜,晋,1,False
265,殷头,晋,1,False
266,吴隐之,晋,1,False
267,刘程之,晋,1,False
268,王乔之,晋,1,False
269,陶琬之,晋,1,False
270,袁光,晋,1,False
271,刘恢,晋,1,False
272,何瑾,晋,1,False
273,陆彦声,晋,1,False
274,张奴,晋,1,False
275,刘道民,晋,1,False
276,包播,晋,1,False
277,马岌,晋,1,False
278,伏系之,晋,1,False
279,仲长敖,晋,1,False
280,殷融,晋,1,False
281,徐广,晋,1,False
282,王氏（刘和妻,晋,1,False
283,辛萧,晋,1,False
284,佛图澄,晋,1,False
285,鸠罗摩什,晋,1,False
286,释道安,晋,1,False
287,庐山诸沙弥,晋,1,False
288,史宗,晋,1,False
289,帛道猷,晋,1,False
290,竺僧度,晋,1,False
291,杨苕华,晋,1,False
292,释道宝,晋,1,False
293,竺法崇,晋,1,False
294,丁令威,晋,1,False
295,紫玉,晋,1,False
296,庐山夫人女婉,晋,1,False
297,陈阿登,晋,1,False
298,王敬伯,晋,1,False
299,刘妙容,晋,1,False
300,黄野人,晋,1,False
301,桓温,晋,1,False
302,庾肃之,晋,1,False
303,郭清,晋,1,False
304,孙康,晋,1,False
305,李皓,晋,1,False
306,庾信,南北朝,350,False
311,吴均,南北朝,162,False
312,江淹,南北朝,144,False
314,何逊,南北朝,120,False
318,萧衍,南北朝,102,False
321,刘孝绰,南北朝,66,False
323,王筠,南北朝,58,False
327,范云,南北朝,41,False
328,王僧孺,南北朝,39,False
329,张率,南北朝,36,False
330,阴铿,南北朝,34,False
332,谢庄,南北朝,30,False
333,刘骏,南北朝,29,False
334,王韶之,南北朝,27,False
335,柳恽,南北朝,25,False
336,任昉,南北朝,24,False
337,江洪,南北朝,21,False
338,沈炯,南北朝,21,False
339,萧子显,南北朝,20,False
340,王台卿,南北朝,19,False
341,费昶,南北朝,19,False
342,何承天,南北朝,18,False
343,朱超,南北朝,17,False
344,萧悫,南北朝,17,False
346,陆厥,南北朝,17,False
348,魏收,南北朝,17,False
349,虞羲,南北朝,15,False
350,汤惠休,南北朝,13,False
351,王俭,南北朝,13,False
352,刘义恭,南北朝,13,False
353,周弘正,南北朝,13,False
354,刘删,南北朝,12,False
355,萧子云,南北朝,12,False
356,沈满愿,南北朝,12,False
357,温子升,南北朝,12,False
358,鲍令晖,南北朝,11,False
359,丘迟,南北朝,11,False
360,刘缓,南北朝,11,False
361,刘孝仪,南北朝,11,False
362,顾野王,南北朝,11,False
363,邢邵,南北朝,10,False
364,吴迈远,南北朝,10,False
365,谢瞻,南北朝,10,False
366,刘铄,南北朝,10,False
367,陆倕,南北朝,10,False
368,萧子范,南北朝,10,False
369,萧察,南北朝,10,False
370,沈君攸,南北朝,10,False
371,释惠标,南北朝,10,False
372,袁淑,南北朝,9,False
373,刘遵,南北朝,9,False
374,鲍泉,南北朝,9,False
375,戴皓,南北朝,9,False
376,刘令娴,南北朝,9,False
377,王训,南北朝,8,False
378,徐勉,南北朝,8,False
379,萧纶,南北朝,8,False
380,伏知道,南北朝,8,False
381,释宝月,南北朝,7,False
382,颜之推,南北朝,7,False
383,周舍,南北朝,7,False
384,王金珠,南北朝,7,False
385,周子良,南北朝,7,False
386,释亡名,南北朝,7,False
387,王枢,南北朝,6,False
388,陶弘景,南北朝,6,False
389,范泰,南北朝,6,False
390,萧子良,南北朝,6,False
391,宗夬,南北朝,6,False
392,萧纪,南北朝,6,False
393,刘孝先,南北朝,6,False
394,陆琼,南北朝,6,False
395,祖孙登,南北朝,6,False
396,阮卓,南北朝,6,False
397,孔稚圭,南北朝,5,False
398,张融,南北朝,5,False
399,谢燮,南北朝,5,False
400,王叔之,南北朝,5,False
401,王僧达,南北朝,5,False
402,虞骞,南北朝,5,False
403,纪少瑜,南北朝,5,False
404,徐摛,南北朝,5,False
405,刘孝胜,南北朝,5,False
406,徐君茜,南北朝,5,False
407,常景,南北朝,5,False
408,阳休之,南北朝,5,False
409,萧总,南北朝,5,False
410,萧诠,南北朝,5,False
411,苏子卿,南北朝,5,False
412,车?,南北朝,4,False
413,刘邈,南北朝,4,False
414,伍辑之,南北朝,4,False
415,孔欣,南北朝,4,False
416,傅亮,南北朝,4,False
417,颜峻,南北朝,4,False
418,虞炎,南北朝,4,False
419,高爽,南北朝,4,False
420,周兴嗣,南北朝,4,False
421,徐悱,南北朝,4,False
422,陆罩,南北朝,4,False
423,萧琛,南北朝,4,False
424,到溉,南北朝,4,False
425,萧子晖,南北朝,4,False
426,姚翻,南北朝,4,False
427,释宝志,南北朝,4,False
428,高允,南北朝,4,False
429,郑道昭,南北朝,4,False
430,刘逖,南北朝,4,False
431,宗懔,南北朝,4,False
432,陈暄,南北朝,4,False
433,岑之敬,南北朝,4,False
434,何胥,南北朝,4,False
435,何处士,南北朝,4,False
436,刘义隆,南北朝,3,False
437,宗炳,南北朝,3,False
438,谢晦,南北朝,3,False
439,袁彖,南北朝,3,False
440,朱硕仙,南北朝,3,False
441,褚渊,南北朝,3,False
442,裴子野,南北朝,3,False
443,朱异,南北朝,3,False
444,张缵,南北朝,3,False
445,徐防,南北朝,3,False
446,邓铿,南北朝,3,False
447,刘氏（王淑英妻,南北朝,3,False
448,鹿悆,南北朝,3,False
449,高昂,南北朝,3,False
450,裴让之,南北朝,3,False
451,祖珽,南北朝,3,False
452,宇文毓,南北朝,3,False
453,周弘让,南北朝,3,False
454,傅縡,南北朝,3,False
455,陆瑜,南北朝,3,False
456,贺彻,南北朝,3,False
457,阳缙,南北朝,3,False
458,王瑳,南北朝,3,False
459,释洪偃,南北朝,3,False
460,牛弘等奉诏作,隋,69,False
461,杨广,隋,49,False
463,王胄,隋,24,False
464,薛道衡,隋,24,False
465,杨素,隋,23,False
466,虞世基,隋,16,False
467,辛德源,隋,11,False
468,孙万寿,隋,9,False
469,侯夫人,隋,9,False
470,丁六娘,隋,8,False
471,葛玄,隋,6,False
472,李德林,隋,6,False
473,诸葛颖,隋,6,False
474,魏澹,隋,5,False
475,柳䛒,隋,5,False
476,李巨仁,隋,5,False
477,王申礼,隋,4,False
478,何妥,隋,4,False
479,岑德润,隋,4,False
480,许善心,隋,4,False
481,马明生,隋,4,False
482,王翙,隋,3,False
483,崔仲方,隋,3,False
484,弘执恭,隋,3,False
485,释灵裕,隋,3,False
486,太真夫人,隋,3,False
487,扈谦,隋,3,False
488,李白,唐,2000,False
494,王建,唐,1643,False
496,姚合,唐,1562,False
497,孟郊,唐,1546,False
499,皎然,唐,1428,False
500,皮日休,唐,1417,False
506,许浑,唐,1080,False
510,温庭筠,唐,967,False
512,韩愈,唐,944,False
514,李中,唐,925,False
515,徐夤,唐,903,False
517,不詳,唐,851,False
527,韩偓,唐,777,False
530,易静,唐,720,False
531,易靜,唐,720,False
533,王梵志,唐,709,False
538,杜荀鹤,唐,668,False
542,柳宗元,唐,625,False
544,李贺,唐,616,False
547,吕岩,唐,591,False
548,施肩吾,唐,585,False
552,武元衡,唐,542,False
555,李羣玉,唐,536,False
556,李洞,唐,534,False
557,沈佺期,唐,533,False
563,李益,唐,500,False
564,顾况,唐,496,False
567,储光羲,唐,477,False
568,[唐]御定全唐诗,唐,468,False
571,曹唐,唐,444,False
572,张九龄,唐,441,False
573,鲍溶,唐,438,False
574,韓愈,唐,438,False
575,李德裕,唐,431,False
580,杜光庭,唐,413,False
583,胡曾,唐,408,False
584,和凝,唐,401,False
587,戎昱,唐,387,False
588,李峤,唐,387,False
594,李涉,唐,363,False
601,韩翃,唐,346,False
602,花蕊夫人徐氏,唐,345,False
604,王勃,唐,334,False
607,李山甫,唐,328,False
608,呂巖,唐,327,False
609,薛逢,唐,320,False
610,马戴,唐,318,False
615,李賀,唐,290,False
616,李郢,唐,288,False
619,刘沧,唐,269,False
623,骆宾王,唐,263,False
625,李群玉,唐,262,False
626,周昙,唐,261,False
627,徐凝,唐,256,False
628,元结,唐,249,False
629,刘兼,唐,245,False
630,段成式,唐,244,False
632,郎士元,唐,235,False
633,牟融,唐,235,False
634,傅翕,唐,234,False
637,刘商,唐,229,False
638,陈子昂,唐,228,False
639,吴筠,唐,226,False
640,卢仝,唐,223,False
644,李建勋,唐,219,False
645,徐成,唐,218,False
647,令狐楚,唐,217,False
651,李嘉佑,唐,208,False
654,龐藴,唐,205,False
655,太宗皇帝,唐,202,False
656,李珣,唐,201,False
659,崔道融,唐,198,False
660,王周,唐,195,False
661,周曇,唐,195,False
662,羊士谔,唐,193,False
663,周贺,唐,190,False
664,居遁,唐,190,False
665,李嘉祐,唐,189,False
666,王涯,唐,187,False
667,冯延巳,唐,187,False
668,张蠙,唐,186,False
670,崔涂,唐,184,False
671,王绩,唐,178,False
677,无可,唐,173,False
678,常建,唐,172,False
680,韓翃,唐,169,False
683,章孝标,唐,164,False
685,刘言史,唐,160,False
686,周朴,唐,158,False
689,汪遵,唐,155,False
696,薛涛,唐,143,False
697,李煜,唐,141,False
698,于鹄,唐,139,False
700,褚亮,唐,138,False
701,裴夷直,唐,138,False
702,罗虬,唐,137,False
704,明皇帝,唐,134,False
705,于武陵,唐,134,False
706,严维,唐,134,False
708,包佶,唐,132,False
710,吳筠,唐,130,False
711,欧阳炯,唐,129,False
715,谭用之,唐,126,False
716,喻凫,唐,124,False
717,道世,唐,124,False
719,于濆,唐,121,False
720,李乂,唐,120,False
721,元結,唐,120,False
722,秦系,唐,119,False
723,孙逖,唐,119,False
725,杨衡,唐,117,False
726,陈羽,唐,117,False
727,毛熙震,唐,114,False
728,虞世南,唐,113,False
729,崔颢,唐,111,False
732,张泌,唐,109,False
734,沈彬,唐,108,False
735,殷文圭,唐,107,False
738,崔湜,唐,105,False
739,孙元晏,唐,105,False
740,鱼玄机,唐,105,False
743,陈元光,唐,103,False
745,羅虬,唐,103,False
746,皇甫松,唐,102,False
747,劉滄,唐,102,False
749,毛文锡,唐,101,False
750,李世民,唐,101,False
753,秦韬玉,唐,99,False
754,高蟾,唐,99,False
755,唐求,唐,97,False
756,牛峤,唐,96,False
758,刘希夷,唐,94,False
759,钱珝,唐,94,False
760,裴说,唐,94,False
761,薛濤,唐,94,False
763,王希明,唐,92,False
764,裴度,唐,91,False
765,李翔,唐,91,False
766,延寿,唐,91,False
768,延壽,唐,91,False
769,张继,唐,90,False
771,贾至,唐,89,False
772,崔国辅,唐,87,False
773,张仲素,唐,87,False
774,崔致远,唐,87,False
777,崔橹,唐,85,False
780,崔致遠,唐,85,False
781,许敬宗,唐,84,False
782,姚鹄,唐,84,False
784,雍裕之,唐,83,False
787,剋符道者,唐,82,False
789,聂夷中,唐,81,False
790,劉兼,唐,81,False
793,缺名,唐,79,False
795,熊孺登,唐,78,False
796,翁承赞,唐,78,False
797,裴迪,唐,78,False
799,孙鲂,唐,77,False
800,高骈,唐,77,False
801,魏承班,唐,77,False
802,萧颖士,唐,77,False
803,颜真卿,唐,76,False
804,郭震,唐,75,False
805,修睦,唐,75,False
806,孫元晏,唐,75,False
807,周繇,唐,74,False
808,张果,唐,74,False
810,储嗣宗,唐,73,False
814,徐彦伯,唐,72,False
815,朱放,唐,72,False
816,李廓,唐,72,False
817,良价,唐,72,False
818,上官昭容,唐,70,False
819,司马扎,唐,69,False
820,卢肇,唐,68,False
821,灵一,唐,68,False
825,伍乔,唐,67,False
826,德诚,唐,67,False
827,杨凝,唐,66,False
828,邵谒,唐,66,False
829,杨炯,唐,65,False
830,楊衡,唐,65,False
832,李百药,唐,64,False
833,窦巩,唐,64,False
834,陆畅,唐,63,False
835,王仁裕,唐,62,False
836,晁采,唐,62,False
837,张鷟,唐,61,False
838,王初,唐,61,False
839,沈亚之,唐,61,False
840,崔珏,唐,61,False
841,文偃,唐,61,False
842,林宽,唐,59,False
843,孟贯,唐,59,False
844,李冶,唐,59,False
845,尚颜,唐,59,False
846,慧能,唐,59,False
847,張鷟,唐,59,False
848,苏拯,唐,57,False
849,清江,唐,57,False
851,魏徵,唐,57,False
852,歐陽炯,唐,57,False
854,李适,唐,56,False
855,崔顥,唐,56,False
856,顧敻,唐,56,False
857,魏征,唐,55,False
860,后主煜,唐,54,False
861,刘方平,唐,54,False
862,刘宪,唐,54,False
863,陶翰,唐,54,False
865,上官仪,唐,53,False
866,郑愔,唐,53,False
867,張果,唐,53,False
868,刘威,唐,52,False
869,喻坦之,唐,52,False
871,刘叉,唐,51,False
872,任翻,唐,51,False
873,朱存,唐,51,False
874,張仲素,唐,51,False
875,陳元光,唐,51,False
877,朱湾,唐,50,False
878,韩琮,唐,50,False
879,李九龄,唐,50,False
880,栖白,唐,50,False
882,孟云卿,唐,49,False
883,董思恭,唐,49,False
884,窦常,唐,49,False
885,孟宾于,唐,49,False
887,許敬宗,唐,49,False
888,则天皇后,唐,48,False
889,包何,唐,48,False
890,敦煌人作品[一],唐,48,False
891,則天皇后,唐,48,False
892,賈至,唐,48,False
893,崔融,唐,47,False
894,丁仙芝,唐,47,False
895,武平一,唐,47,False
896,郑巢,唐,47,False
897,詹敦仁,唐,47,False
899,武则天,唐,46,False
900,乔知之,唐,46,False
901,法振,唐,46,False
902,吕从庆,唐,46,False
903,契此,唐,46,False
906,呂從慶,唐,46,False
907,崔日用,唐,45,False
909,翁洮,唐,45,False
910,义存,唐,45,False
911,義存,唐,45,False
912,来鹄,唐,44,False
913,景岑,唐,44,False
915,翁承贊,唐,44,False
916,韦渠牟,唐,43,False
917,崔液,唐,43,False
918,张碧,唐,43,False
919,朱景玄,唐,43,False
920,成彦雄,唐,43,False
921,崔曙,唐,43,False
925,长孙佐辅,唐,42,False
926,窦牟,唐,42,False
927,窦庠,唐,42,False
928,子兰,唐,42,False
929,王棨,唐,42,False
930,丘丹,唐,41,False
931,廖融,唐,41,False
932,宝志,唐,41,False
933,綦毋潜,唐,41,False
935,儲嗣宗,唐,41,False
936,譚用之,唐,41,False
937,寶誌,唐,41,False
938,蕭穎士,唐,41,False
939,薛稷,唐,40,False
940,贺知章,唐,40,False
941,崔涯,唐,40,False
942,张贲,唐,40,False
943,广宣,唐,40,False
945,秦韜玉,唐,40,False
947,陸暢,唐,40,False
949,德誠,唐,40,False
950,张子容,唐,39,False
951,裴潾,唐,39,False
952,卢延让,唐,39,False
953,牛希济,唐,39,False
954,尹鹗,唐,39,False
955,赵冬曦,唐,39,False
956,白云仙人,唐,39,False
957,薛昭蕴,唐,39,False
959,牛嶠,唐,39,False
963,白雲仙人,唐,39,False
964,张又新,唐,38,False
965,水神,唐,38,False
966,薛昭藴,唐,38,False
969,虚中,唐,37,False
970,胡皓,唐,37,False
971,李邕,唐,37,False
972,徐彥伯,唐,37,False
973,李遠,唐,37,False
974,崔櫓,唐,37,False
975,柳中庸,唐,36,False
976,左偃,唐,36,False
977,灵澈,唐,36,False
978,王毂,唐,35,False
979,赵彦昭,唐,35,False
981,翁宏,唐,34,False
982,丘为,唐,34,False
985,僧贯休,唐,33,False
986,常衮,唐,33,False
987,王季友,唐,33,False
988,郑畋,唐,33,False
989,褚载,唐,33,False
990,元阳子,唐,33,False
991,僧貫休,唐,33,False
992,上官儀,唐,33,False
993,林寬,唐,33,False
996,元陽子,唐,33,False
997,德宗皇帝,唐,32,False
998,李逢吉,唐,32,False
999,僧皎然,唐,32,False
1000,苏味道,唐,32,False
1001,许彬,唐,32,False
1002,陆希声,唐,32,False
1003,熊皎,唐,32,False
1004,韋渠牟,唐,32,False
1006,毛文錫,唐,32,False
1007,阎朝隐,唐,31,False
1008,畅当,唐,31,False
1009,武三思,唐,31,False
1010,清昼,唐,31,False
1011,道镜　善导,唐,31,False
1012,智闲,唐,31,False
1013,劉方平,唐,31,False
1014,孟貫,唐,31,False
1015,清晝,唐,31,False
1016,智閑,唐,31,False
1017,李舒,唐,30,False
1018,庄南杰,唐,30,False
1019,翁绶,唐,30,False
1020,杨凌,唐,30,False
1021,杨凭,唐,30,False
1022,文益,唐,30,False
1023,沈亞之,唐,30,False
1024,來鵠,唐,30,False
1025,李翱,唐,29,False
1026,杨发,唐,29,False
1027,李昭象,唐,29,False
1028,王涣,唐,29,False
1029,杨夔,唐,29,False
1030,可朋,唐,29,False
1031,卢僎,唐,29,False
1032,卢鸿一,唐,29,False
1035,鄭巢,唐,29,False
1036,蘇拯,唐,29,False
1037,薛据,唐,28,False
1038,李赤,唐,28,False
1039,马怀素,唐,28,False
1040,幸夤逊,唐,28,False
1041,徐仲雅,唐,28,False
1042,阎选,唐,28,False
1045,成彥雄,唐,28,False
1046,陈子良,唐,27,False
1047,蒋防,唐,27,False
1048,李敬方,唐,27,False
1049,孟迟,唐,27,False
1050,李玖,唐,27,False
1051,顾云,唐,27,False
1052,薛曜,唐,27,False
1053,于邺,唐,27,False
1054,许坚,唐,27,False
1055,王元,唐,27,False
1056,李泌,唐,27,False
1057,本寂,唐,27,False
1058,張又新,唐,27,False
1059,劉威,唐,27,False
1060,李暇,唐,26,False
1061,李嶷,唐,26,False
1063,孔德绍,唐,26,False
1064,郑遨,唐,26,False
1065,包融,唐,26,False
1066,浙东众诗人,唐,26,False
1067,劉憲,唐,26,False
1068,竇常,唐,26,False
1069,章謁,唐,26,False
1070,子蘭,唐,26,False
1071,綦毋潛,唐,26,False
1072,姚崇,唐,25,False
1073,郭元振,唐,25,False
1074,宗楚客,唐,25,False
1075,陈标,唐,25,False
1076,刘昭禹,唐,25,False
1077,卞震,唐,25,False
1078,张谔,唐,25,False
1079,殷济,唐,25,False
1080,楊師道,唐,25,False
1082,李九齡,唐,25,False
1083,郎大家宋氏,唐,24,False
1084,薛奇童,唐,24,False
1085,窦叔向,唐,24,False
1086,张志和,唐,24,False
1087,崔元翰,唐,24,False
1088,李正封,唐,24,False
1089,王起,唐,24,False
1090,韦元旦,唐,24,False
1091,韦蟾,唐,24,False
1092,李沇,唐,24,False
1093,蒋贻恭,唐,24,False
1094,护国,唐,24,False
1095,嵩岳诸仙,唐,24,False
1096,鹿虔扆,唐,24,False
1097,梁锽,唐,24,False
1098,王叡,唐,23,False
1099,郑锡,唐,23,False
1100,窦羣,唐,23,False
1101,陈去疾,唐,23,False
1102,裴休,唐,23,False
1103,席豫,唐,23,False
1104,马云奇,唐,23,False
1105,杨行真人,唐,23,False
1106,菩提达摩,唐,23,False
1107,敦煌人作品,唐,23,False
1108,竇羣,唐,23,False
1109,楊行真人,唐,23,False
1110,菩提達摩,唐,23,False
1111,贺兰进明,唐,22,False
1112,薛存诚,唐,22,False
1113,潘咸,唐,22,False
1114,王铎,唐,22,False
1115,姚揆,唐,22,False
1116,王湾,唐,22,False
1117,徐安贞,唐,22,False
1118,钱镠,唐,22,False
1119,常察,唐,22,False
1120,喬知之,唐,22,False
1121,孟雲卿,唐,22,False
1122,陸希聲,唐,22,False
1123,伍喬,唐,22,False
1124,道鏡　善導,唐,22,False
1125,浙東衆詩人,唐,22,False
1126,牛僧孺,唐,21,False
1127,李约,唐,21,False
1128,姚系,唐,21,False
1129,于良史,唐,21,False
1130,卢殷,唐,21,False
1131,韦处厚,唐,21,False
1132,费冠卿,唐,21,False
1133,吴仁璧,唐,21,False
1134,江为,唐,21,False
1135,李浩,唐,21,False
1136,郏滂,唐,21,False
1137,張子容,唐,21,False
1138,賀知章,唐,21,False
1139,竇牟,唐,21,False
1140,竇庠,唐,21,False
1141,于鄴,唐,21,False
1142,靈澈,唐,21,False
1143,趙彥昭,唐,21,False
1144,郟滂,唐,21,False
1145,于邵,唐,20,False
1146,徐坚,唐,20,False
1147,李义府,唐,20,False
1148,张登,唐,20,False
1149,李渤,唐,20,False
1150,薛莹,唐,20,False
1151,岑羲,唐,20,False
1152,王嵒,唐,20,False
1153,廖凝,唐,20,False
1154,栖蟾,唐,20,False
1155,慕幽,唐,20,False
1156,伊用昌,唐,20,False
1157,蔡希寂,唐,20,False
1158,白元鉴,唐,20,False
1159,太宗皇帝李世民,唐,20,False
1160,長孫佐輔,唐,20,False
1161,楊凌,唐,20,False
1162,張碧,唐,20,False
1163,鄭畋,唐,20,False
1164,許彬,唐,20,False
1165,盧延讓,唐,20,False
1167,錢鏐,唐,20,False
1195,邵雍,宋,2000,False
1197,郊庙朝会歌辞,宋,2000,False
1200,释正觉,宋,1994,False
1253,徐积,宋,1158,False
1257,陈普,宋,1146,False
1284,释怀深,宋,872,False
1294,王令,宋,846,False
1335,释智圆,宋,649,False
1347,郑思肖,宋,594,False
1348,释绍嵩,宋,593,False
1354,苏籀,宋,581,False
1362,朱淑真,宋,551,False
1364,晏殊,宋,545,False
1373,钱时,宋,523,False
1379,林逋,宋,513,False
1385,夏竦,宋,493,False
1395,释行海,宋,480,False
1403,谢翱,宋,469,False
1410,寇准,宋,444,False
1422,林同,宋,424,False
1432,陆佃,宋,394,False
1433,马廷鸾,宋,391,False
1436,徐钧,宋,387,False
1446,欧阳澈,宋,364,False
1451,陈淳,宋,356,False
1452,顾逢,宋,356,False
1461,范祖禹,宋,341,False
1464,王镃,宋,334,False
1465,葛绍体,宋,333,False
1470,张继先,宋,327,False
1475,朱继芳,宋,318,False
1483,方蒙仲,宋,307,False
1488,石介,宋,300,False
1490,释子淳,宋,299,False
1491,吴惟信,宋,297,False
1495,许棐,宋,295,False
1500,陶弼,宋,288,False
1505,释道璨,宋,286,False
1510,释善珍,宋,277,False
1512,高似孙,宋,275,False
1515,程珌,宋,273,False
1516,杨简,宋,272,False
1518,徐玑,宋,269,False
1527,陈岩,宋,262,False
1532,贾似道,宋,258,False
1533,黄庶,宋,258,False
1539,乐雷发,宋,247,False
1540,赵汝腾,宋,246,False
1543,释道宁,宋,244,False
1551,林亦之,宋,236,False
1556,严羽,宋,231,False
1561,丁谓,宋,227,False
1565,王奕,宋,222,False
1567,张伯端,宋,219,False
1571,葛长庚,宋,217,False
1574,袁甫,宋,210,False
1579,宋白,宋,207,False
1583,徐元杰,宋,206,False
1584,释斯植,宋,206,False
1588,赵湘,宋,198,False
1590,释慧晖,宋,196,False
1599,释永颐,宋,189,False
1603,家铉翁,宋,187,False
1605,释大观,宋,186,False
1609,严粲,宋,183,False
1611,任希夷,宋,182,False
1612,释云岫,宋,182,False
1618,蒋之奇,宋,178,False
1619,武衍,宋,177,False
1620,崔敦诗,宋,175,False
1621,张抡,宋,174,False
1623,郭应祥,宋,172,False
1624,史铸,宋,172,False
1627,阮阅,宋,170,False
1630,方信孺,宋,169,False
1631,徐俯,宋,169,False
1632,陶梦桂,宋,169,False
1636,张道洽,宋,166,False
1641,陈楠,宋,163,False
1644,王同祖,宋,157,False
1646,李质,宋,156,False
1648,钱惟演,宋,155,False
1649,崔敦礼,宋,155,False
1650,包恢,宋,154,False
1655,蔡松年,宋,151,False
1656,吕颐浩,宋,150,False
1664,马之纯,宋,142,False
1665,谌祜,宋,142,False
1667,赵公豫,宋,141,False
1674,杨备,宋,139,False
1677,潘牥,宋,137,False
1678,王仲修,宋,137,False
1679,释惠崇,宋,137,False
1683,张公庠,宋,135,False
1684,沈瀛,宋,134,False
1685,周彦质,宋,134,False
1686,徐经孙,宋,133,False
1687,汪应辰,宋,133,False
1689,释晓莹,宋,131,False
1691,徐侨,宋,130,False
1692,李龙高,宋,129,False
1695,金朋说,宋,128,False
1697,卫泾,宋,127,False
1700,张尧同,宋,124,False
1702,赵友直,宋,124,False
1703,易士达,宋,123,False
1704,石延年,宋,122,False
1706,释义青,宋,122,False
1710,释慧方,宋,120,False
1713,卢襄,宋,118,False
1714,释遵式,宋,117,False
1716,仲殊,宋,116,False
1718,张明中,宋,115,False
1719,程颢,宋,115,False
1722,徐似道,宋,113,False
1723,释延寿,宋,113,False
1725,曹冠,宋,112,False
1726,许尚,宋,112,False
1727,柴望,宋,111,False
1728,许应龙,宋,111,False
1731,杨炎正,宋,108,False
1733,周昂,宋,108,False
1735,释文礼,宋,106,False
1737,张至龙,宋,105,False
1739,孙嵩,宋,103,False
1743,苏庠,宋,101,False
1744,苏洵,宋,101,False
1745,释道昌,宋,100,False
1746,姚述尧2,宋,99,False
1748,刘安上,宋,98,False
1751,蒋堂,宋,97,False
1753,鲜于侁,宋,96,False
1754,程师孟,宋,95,False
1755,沈括,宋,94,False
1757,程大昌,宋,94,False
1758,释明辩,宋,93,False
1760,唐仲友,宋,93,False
1761,王安国,宋,92,False
1762,陈尧佐,宋,91,False
1766,陈长方,宋,88,False
1767,蔡沈,宋,88,False
1768,王随,宋,88,False
1769,左纬,宋,88,False
1770,李刘,宋,87,False
1771,管鉴,宋,87,False
1772,姚镛,宋,86,False
1773,沈说,宋,86,False
1775,林宪,宋,85,False
1776,朱弁,宋,85,False
1778,汪晫,宋,84,False
1779,陈鉴之,宋,84,False
1780,崔鶠,宋,84,False
1781,钱闻诗,宋,83,False
1782,杨皇后,宋,83,False
1784,赵时韶,宋,82,False
1787,释道济,宋,81,False
1788,张釜,宋,81,False
1789,林泳,宋,81,False
1790,罗椅,宋,80,False
1792,元绛,宋,79,False
1795,刘埙,宋,77,False
1796,李师中,宋,76,False
1797,赵令畤,宋,76,False
1798,叶绍翁,宋,76,False
1799,林尚仁,宋,76,False
1800,邓忠臣,宋,76,False
1801,薛道光,宋,76,False
1804,赵葵,宋,75,False
1805,曾肇,宋,75,False
1807,龙辅,宋,75,False
1810,释鼎需,宋,74,False
1813,释宗演,宋,73,False
1814,郑会,宋,73,False
1815,唐士耻,宋,73,False
1818,楼璹,宋,72,False
1819,詹初,宋,72,False
1822,方逢辰,宋,71,False
1823,钱选,宋,71,False
1824,释清了,宋,71,False
1826,张良臣,宋,70,False
1827,京镗,宋,70,False
1828,姚孝锡,宋,70,False
1829,罗愿,宋,69,False
1830,赵希迈,宋,69,False
1831,高登,宋,69,False
1833,释安永,宋,69,False
1835,张弋,宋,69,False
1837,释祖可,宋,68,False
1839,梅挚,宋,68,False
1842,何耕,宋,66,False
1843,何应龙,宋,66,False
1845,吴沆,宋,65,False
1847,陈必復,宋,65,False
1849,薛绍彭,宋,65,False
1850,吴激,宋,65,False
1853,林用中,宋,64,False
1854,赵崇鉘,宋,64,False
1855,李涛,宋,63,False
1856,王琪,宋,63,False
1857,方翥,宋,63,False
1859,朱南杰,宋,63,False
1861,顾禧,宋,62,False
1862,龚开,宋,62,False
1863,王庭筠,宋,62,False
1865,释玿,宋,61,False
1868,郑起,宋,60,False
1869,释道枢,宋,60,False
1870,邹登龙,宋,60,False
1871,潘大临,宋,60,False
1873,林正大,宋,59,False
1874,黄公绍,宋,59,False
1875,姚宽,宋,59,False
1876,释净端,宋,59,False
1877,夏元鼎,宋,58,False
1878,梁栋,宋,58,False
1879,释师一,宋,58,False
1881,陈景沂,宋,57,False
1882,邓剡,宋,57,False
1883,释从瑾,宋,57,False
1884,张俞,宋,57,False
1885,陈宗远,宋,57,False
1887,释昙贲,宋,57,False
1888,徐安国,宋,56,False
1890,释文准,宋,56,False
1891,游九言,宋,55,False
1892,李邴,宋,55,False
1893,林之奇,宋,55,False
1894,释德光,宋,55,False
1895,尹洙,宋,54,False
1896,李焘,宋,54,False
1898,王观,宋,53,False
1899,危稹,宋,53,False
1900,陈纪,宋,53,False
1901,王以宁,宋,53,False
1902,黄大受,宋,53,False
1903,刘子澄,宋,53,False
1904,宗泽,宋,53,False
1906,孙锐,宋,52,False
1907,赵希㯝,宋,52,False
1908,宋自逊,宋,51,False
1909,葛郯,宋,51,False
1910,赵戣,宋,51,False
1911,黄希旦,宋,51,False
1912,梅询,宋,51,False
1913,释咸静,宋,51,False
1914,释绍隆,宋,51,False
1915,密璹,宋,51,False
1916,蔡圭,宋,51,False
1917,何澹,宋,50,False
1918,谢伋,宋,50,False
1919,田况,宋,50,False
1920,萧澥,宋,50,False
1921,林昉,宋,50,False
1922,蔡京,宋,49,False
1923,释嗣宗,宋,49,False
1924,释道生,宋,49,False
1925,吴栻,宋,49,False
1926,释祖珍,宋,49,False
1927,王若虚,宋,49,False
1928,夏倪,宋,48,False
1930,陈洵直,宋,48,False
1931,黄敏求,宋,48,False
1932,曾由基,宋,48,False
1933,王志道,宋,48,False
1934,葛起耕,宋,48,False
1935,释胜,宋,48,False
1936,吴渊,宋,47,False
1937,冯伯规,宋,47,False
1938,吕声之,宋,47,False
1939,释圆悟,宋,47,False
1940,边元鼎,宋,47,False
1941,释如本,宋,46,False
1942,陆九渊,宋,46,False
1943,沈继祖,宋,46,False
1944,毛直方,宋,46,False
1946,陈人杰,宋,45,False
1947,周敦颐,宋,45,False
1948,杨巽斋,宋,45,False
1949,释道川,宋,45,False
1950,陈轩,宋,45,False
1953,蒲宗孟,宋,44,False
1954,严仁,宋,44,False
1956,万俟绍之,宋,44,False
1957,董颖,宋,44,False
1958,释亮,宋,44,False
1959,刘仲尹,宋,44,False
1960,刘翰,宋,43,False
1962,刘植,宋,43,False
1964,赵元,宋,43,False
1965,陈抟,宋,42,False
1967,萧廷之,宋,42,False
1969,杨长孺,宋,42,False
1970,郑文宝,宋,42,False
1971,赵处澹,宋,42,False
1972,罗从彦,宋,42,False
1973,张斛,宋,42,False
1974,李缜,宋,41,False
1975,刘望之,宋,41,False
1976,万俟咏,宋,41,False
1977,富弼,宋,41,False
1978,区仕衡,宋,41,False
1979,翁森,宋,41,False
1980,李思衍,宋,41,False
1981,傅梦得,宋,41,False
1982,曹辅,宋,41,False
1983,杜衍,宋,41,False
1985,杨徽之,宋,39,False
1986,郑域,宋,39,False
1987,向,宋,39,False
1990,吕祖俭,宋,39,False
1991,杜耒,宋,39,False
1992,赵庚夫,宋,39,False
1993,王琮,宋,39,False
1994,艾可翁,宋,39,False
1995,钱易,宋,39,False
1996,释希昼,宋,39,False
1997,齐唐,宋,39,False
1998,米友仁,宋,38,False
1999,释了演,宋,38,False
2000,欧阳鈇,宋,38,False
2001,吕定,宋,38,False
2002,释藴常,宋,38,False
2003,闻人祥正,宋,38,False
2004,陈公辅,宋,38,False
2005,张澄,宋,38,False
2007,王易简,宋,37,False
2008,储泳,宋,37,False
2009,赵企,宋,37,False
2011,程敦厚,宋,37,False
2012,柴随亨,宋,37,False
2013,陈某,宋,37,False
2014,胡斗南,宋,37,False
2015,杨修,宋,37,False
2016,黄履,宋,37,False
2017,李公麟,宋,37,False
2018,王元粹,宋,37,False
2020,许将,宋,36,False
2021,张枢,宋,36,False
2022,范端臣,宋,36,False
2023,李建中,宋,36,False
2024,李叔与,宋,36,False
2025,何文季,宋,36,False
2026,孙岩,宋,36,False
2027,张士逊,宋,36,False
2028,楼异,宋,36,False
2029,释本才,宋,36,False
2030,高士谈,宋,36,False
2031,李堪,宋,35,False
2033,张景修,宋,35,False
2034,萧德藻,宋,35,False
2035,冯坦,宋,35,False
2036,宋京,宋,35,False
2037,曾布,宋,34,False
2038,刘泾,宋,34,False
2039,彭元逊,宋,34,False
2040,吕希纯,宋,34,False
2041,胡仔,宋,34,False
2042,邵棠,宋,34,False
2043,李商叟,宋,34,False
2044,何基,宋,34,False
2045,吴处厚,宋,34,False
2046,释洵,宋,34,False
2048,刘从益,宋,34,False
2049,萧贡,宋,34,False
2050,麻九畴,宋,34,False
2051,蔡确,宋,33,False
2052,萧元之,宋,33,False
2054,倪偁,宋,33,False
2055,释法全,宋,33,False
2056,吴光,宋,33,False
2058,方逢振,宋,33,False
2059,许广渊,宋,33,False
2060,释了元,宋,33,False
2061,胡安国,宋,33,False
2063,王操,宋,32,False
2064,陈亚,宋,32,False
2065,宋先生,宋,32,False
2066,卓田,宋,32,False
2067,曾纡,宋,32,False
2068,朱服,宋,32,False
2069,释了一,宋,32,False
2070,李长庚,宋,32,False
2071,潘柽,宋,32,False
2072,唐询,宋,32,False
2073,王大受,宋,32,False
2074,楼楚材,宋,32,False
2075,甘泳,宋,32,False
2076,释行瑛,宋,32,False
2077,耿南仲,宋,32,False
2079,俞紫芝,宋,31,False
2080,孙惟信,宋,31,False
2082,张绍文,宋,31,False
2083,王梦应,宋,31,False
2084,黄叔达,宋,31,False
2085,折彦质,宋,31,False
2086,孙介,宋,31,False
2087,赵汝譡,宋,31,False
2088,钱昭度,宋,31,False
2089,释元净,宋,31,False
2090,彭秋宇,宋,31,False
2091,熊瑞,宋,31,False
2092,罗适,宋,31,False
2093,释显忠,宋,31,False
2094,孙何,宋,31,False
2095,章得象,宋,31,False
2097,李纯甫,宋,31,False
2098,赵沨,宋,31,False
2099,赵善扛,宋,30,False
2100,翁元龙,宋,30,False
2101,章谦亨,宋,30,False
2102,吴势卿,宋,30,False
2104,释思岳,宋,30,False
2105,施宜生,宋,30,False
2106,释仲皎,宋,30,False
2107,王予可,宋,30,False
2108,陈谦,宋,30,False
2109,孙因,宋,30,False
2110,张衡,宋,30,False
2111,缪鑑,宋,30,False
2112,商倚,宋,30,False
2113,李乘,宋,30,False
2114,释冲邈,宋,30,False
2115,马定国,宋,30,False
2116,路铎,宋,30,False
2119,杨维桢,元,979,False
2120,耶律铸,元,911,False
2138,吴当,元,574,False
2156,白朴,元,359,False
2164,周伯琦,元,333,False
2167,陈孚,元,324,False
2169,陈樵,元,319,False
2170,王逢,元,314,False
2174,周巽,元,309,False
2177,马祖常,元,293,False
2183,乃贤,元,280,False
2196,张可久,元,224,False
2198,吴镇,元,219,False
2201,张宪,元,210,False
2204,李道纯,元,204,False
2209,丘处机,元,197,False
2218,郯韶,元,178,False
2219,冯子振,元,176,False
2220,吾丘衍,元,174,False
2224,尹志平,元,169,False
2227,王吉昌,元,168,False
2229,汤舜民,元,166,False
2239,王丹桂,元,146,False
2247,善住,元,130,False
2248,邓文原,元,127,False
2251,王行,元,126,False
2253,梵琦,元,119,False
2258,谢宗可,元,106,False
2259,危素,元,106,False
2260,于立,元,104,False
2262,卢挚,元,102,False
2263,郭居敬,元,102,False
2264,杨允孚,元,101,False
2268,黄清老,元,96,False
2269,贯云石,元,94,False
2270,余阙,元,94,False
2273,明本,元,92,False
2278,安熙,元,87,False
2279,王伯成,元,85,False
2282,曾瑞,元,81,False
2284,欧阳玄,元,81,False
2285,张伯淳,元,80,False
2287,陆仁,元,79,False
2290,吴昌龄,元,74,False
2292,朱庭玉,元,70,False
2293,沈禧,元,68,False
2294,黄公望,元,68,False
2298,惟则,元,67,False
2300,刘处玄,元,65,False
2301,许衡,元,65,False
2302,刘时中,元,64,False
2303,郑洪,元,63,False
2304,滕斌,元,63,False
2305,张天英,元,63,False
2311,李齐贤,元,59,False
2316,何景福,元,57,False
2317,胡助,元,57,False
2318,刘志渊,元,56,False
2320,刘麟瑞,元,55,False
2321,周棐,元,55,False
2323,清珙,元,54,False
2324,王祯,元,52,False
2325,杜仁杰,元,50,False
2326,王子一,元,50,False
2331,李唐宾,元,49,False
2333,刘庭信,元,47,False
2334,胡炳文,元,47,False
2335,狄君厚,元,46,False
2337,王彝,元,46,False
2338,费唐臣,元,45,False
2339,罗贯中,元,45,False
2340,揭祐民,元,45,False
2344,郑允端,元,44,False
2345,潘伯脩,元,44,False
2346,李好古,元,43,False
2347,史九散人,元,43,False
2348,行端,元,43,False
2349,任士林,元,43,False
2350,雅琥,元,42,False
2351,彭炳,元,42,False
2352,吴全节,元,42,False
2354,张寿卿,元,41,False
2355,陈秀民,元,41,False
2357,黎伯元,元,39,False
2358,黄复圭,元,39,False
2359,张简,元,38,False
2360,戴善甫,元,38,False
2363,陈栎,元,38,False
2364,姚文奂,元,38,False
2366,邓玉宾,元,37,False
2367,李寿卿,元,37,False
2368,王玠,元,36,False
2369,刘唐卿,元,36,False
2370,赵雍,元,36,False
2371,方行,元,36,False
2373,元淮,元,35,False
2376,薛昂夫,元,34,False
2377,石子章,元,34,False
2378,潘纯,元,34,False
2379,郑东,元,34,False
2380,无愠,元,34,False
2381,刘涣,元,33,False
2385,许有孚,元,32,False
2386,王氏,元,31,False
2387,李序,元,31,False
2388,李致远,元,31,False
2389,王旭,元,31,False
2390,郭天锡,元,31,False
2392,周文质,元,30,False
2394,顾盟,元,30,False
2395,薛玄曦,元,30,False
2396,王仲元,元,29,False
2397,吴存,元,29,False
2398,汪珍,元,29,False
2399,李瓒,元,29,False
2400,陈庚,元,28,False
2401,陈肃,元,28,False
2402,徐再思,元,28,False
2403,汪泽民,元,28,False
2404,张端,元,28,False
2405,至仁,元,28,False
2406,房皞,元,28,False
2407,刘跃,元,28,False
2408,张氏,元,27,False
2409,吴仁卿,元,27,False
2410,周德清,元,27,False
2411,杜本,元,27,False
2412,泰不华,元,27,False
2413,何失,元,27,False
2414,郑玉,元,26,False
2415,兰楚芳,元,26,False
2416,宋方壶,元,26,False
2417,孙季昌,元,26,False
2418,宋本,元,26,False
2419,高克恭,元,26,False
2420,高道宽,元,26,False
2421,姚公枢,元,26,False
2422,王都中,元,26,False
2423,王艮,元,26,False
2424,罗蒙正,元,26,False
2425,韩性,元,25,False
2426,卢亘,元,25,False
2427,项炯,元,25,False
2428,李元圭,元,25,False
2429,陈赓,元,24,False
2430,吕止庵,元,24,False
2431,山主,元,24,False
2432,马熙,元,24,False
2433,冯尊师,元,24,False
2434,杨敬德,元,24,False
2435,卞思义,元,23,False
2436,胡祗遹,元,23,False
2437,释英,元,23,False
2438,甘立,元,23,False
2439,林泉生,元,22,False
2440,许桢,元,22,False
2441,牧常晁,元,22,False
2442,舒逊,元,22,False
2443,王璋,元,22,False
2444,李溥光,元,22,False
2445,宇文公谅,元,22,False
2447,孙叔顺,元,21,False
2448,文质,元,21,False
2449,孙蕙兰,元,21,False
2450,陈雷,元,21,False
2451,瞿智,元,21,False
2452,赵彦晖,元,20,False
2453,王德信,元,20,False
2454,李真人,元,20,False
2455,李穆,元,19,False
2456,张鸣善,元,19,False
2457,沈右,元,19,False
2458,王磐,元,19,False
2460,聂古柏,元,19,False
2461,吴志淳,元,19,False
2462,刘仁本,元,19,False
2463,白贲,元,18,False
2464,赵善庆,元,18,False
2465,詹时雨,元,18,False
2466,杨云鹏,元,18,False
2467,杨翮,元,18,False
2468,圆至,元,18,False
2469,胡用和,元,17,False
2470,庾吉甫,元,17,False
2471,睢景臣,元,17,False
2472,侯正卿,元,17,False
2473,方澜,元,17,False
2474,黄石翁,元,17,False
2475,张起岩,元,17,False
2476,王鉴,元,16,False
2477,钟嗣成,元,16,False
2478,任昱,元,16,False
2479,王大学士,元,16,False
2480,王和卿,元,16,False
2481,钱霖,元,16,False
2482,荆干臣,元,16,False
2483,陈德永,元,16,False
2484,王畛,元,16,False
2485,潘音,元,16,False
2486,张宇,元,16,False
2487,屠性,元,16,False
2488,陆友,元,16,False
2489,祖柏,元,16,False
2490,李隼,元,16,False
2491,徐舫,元,16,False
2492,昂吉,元,16,False
2493,顾德润,元,15,False
2494,高安道,元,15,False
2495,契玉立,元,15,False
2496,吕思诚,元,15,False
2497,陆居仁,元,15,False
2498,张渥,元,15,False
2499,元明善,元,15,False
2500,伯颜（子中,元,15,False
2501,王畦,元,15,False
2502,黎崱,元,15,False
2503,甘复,元,15,False
2508,郭之奇,明,2000,False
2534,王夫之,明,1670,False
2553,庄昶,明,1246,False
2570,宗臣,明,883,False
2633,李英,明,524,False
2636,杨爵,明,512,False
2640,沈鍊,明,506,False
2643,何巩道,明,498,False
2647,杨荣,明,478,False
2653,凌义渠,明,452,False
2668,黄淮,明,414,False
2669,夏言,明,413,False
2673,唐寅,明,404,False
2674,林大钦,明,400,False
2680,宋登春,明,375,False
2695,罗伦,明,338,False
2701,谢元汴,明,327,False
2702,倪元璐,明,322,False
2708,罗亨信,明,304,False
2709,钱谦益,明,302,False
2711,韩邦奇,明,296,False
2713,区怀年,明,295,False
2718,申佳允,明,289,False
2719,李江,明,289,False
2743,刘炳,明,242,False
2755,高濂,明,218,False
2760,张家玉,明,203,False
2761,霍韬,明,203,False
2764,陈䞇,明,197,False
2765,郭棐,明,196,False
2767,岳正,明,195,False
2773,李贽,明,177,False
2775,许相卿,明,172,False
2778,郭辅畿,明,166,False
2781,高攀龙,明,163,False
2783,周宪王,明,160,False
2785,王叔承,明,151,False
2787,沈明臣,明,144,False
2788,李裕,明,143,False
2793,朱元璋,明,137,False
2799,王宠,明,134,False
2803,陈仁锡,明,132,False
2804,彭日贞,明,132,False
2806,蔡羽,明,131,False
2808,陈是集,明,131,False
2809,安希范,明,127,False
2818,吴兆,明,122,False
2821,胡居仁,明,121,False
2823,许炯,明,119,False
2829,张宇初,明,116,False
2833,高叔嗣,明,113,False
2835,来复,明,112,False
2837,刘泰,明,111,False
2838,王履,明,109,False
2842,李孔修,明,108,False
2843,杨继盛,明,107,False
2845,吴伯宗,明,105,False
2856,谢铎,明,98,False
2857,傅汝舟,明,97,False
2859,王樵,明,95,False
2866,张国维,明,92,False
2867,屈士煌,明,92,False
2868,屠侨,明,91,False
2874,吴鼎芳,明,88,False
2878,张时彻,明,85,False
2879,范汭,明,85,False
2882,杨光溥,明,83,False
2883,许继,明,82,False
2885,樊阜,明,81,False
2887,陈烓,明,81,False
2888,莫止,明,79,False
2889,任环,明,78,False
2890,王微,明,77,False
2891,顾允成,明,77,False
2893,屠隆,明,76,False
2894,何南凤,明,76,False
2895,瞿佑,明,75,False
2896,李之标,明,75,False
2897,王鸣雷,明,75,False
2898,居节,明,74,False
2900,贺一弘,明,74,False
2901,贺钦,明,74,False
2902,宁献王,明,73,False
2904,陈昂,明,72,False
2905,蔡清,明,72,False
2907,郭登,明,72,False
2910,郑廷鹄,明,70,False
2912,葛一龙,明,69,False
2913,尹耕,明,69,False
2915,蒋主孝,明,69,False
2916,姚广孝,明,69,False
2919,王醇,明,68,False
2923,韩奕,明,67,False
2925,韩殷,明,67,False
2927,刘绩,明,66,False
2928,魏观,明,66,False
2929,陈绍文,明,66,False
2930,夏完淳,明,65,False
2931,景翩翩,明,65,False
2932,魏时敏,明,64,False
2933,姚绶,明,64,False
2934,高柄,明,64,False
2935,陈煇,明,64,False
2936,皇甫涍,明,63,False
2938,李德,明,63,False
2940,蒋山卿,明,62,False
2941,朱之蕃,明,62,False
2942,施渐,明,62,False
2944,吴梦旸,明,61,False
2946,高拱,明,60,False
2949,黄渊,明,59,False
2950,朱谋㬜,明,59,False
2951,冯琦,明,58,False
2952,文嘉,明,58,False
2953,陶望龄,明,58,False
2954,殷云霄,明,58,False
2955,朱纯,明,58,False
2956,黎彭龄,明,58,False
2957,黄渊耀,明,58,False
2958,林环,明,57,False
2960,林廷㭿,明,57,False
2961,陈鹤,明,56,False
2962,朱曰藩,明,56,False
2963,黄姬水,明,56,False
2965,商景兰,明,56,False
2966,陈第,明,55,False
2967,陆粲,明,55,False
2968,陈汝言,明,55,False
2969,叶纨纨,明,55,False
2970,何维柏,明,55,False
2971,陈克侯,明,55,False
2973,吴宣,明,55,False
2974,张掞,明,54,False
2976,李濂,明,54,False
2977,蔡汝楠,明,54,False
2978,朱谏,明,54,False
2979,宋应星,明,54,False
2980,陈㷆,明,54,False
2981,唐璧,明,53,False
2982,刘祖满,明,53,False
2983,德清,明,53,False
2984,陈枨,明,53,False
2985,胡翰,明,52,False
2986,熊卓,明,52,False
2991,谢长文,明,51,False
2992,顾应祥,明,51,False
2994,卢象升,明,50,False
2997,徐勃,明,49,False
2998,娄坚,明,49,False
3000,萧光绪,明,49,False
3002,孙伟,明,49,False
3003,吴国伦,明,48,False
3005,陈圭,明,48,False
3006,萧显,明,48,False
3007,吴孺子,明,47,False
3008,何良俊,明,47,False
3010,浦源,明,47,False
3013,俞允文,明,46,False
3014,区大伦,明,46,False
3015,释大香,明,46,False
3016,洪恩,明,46,False
3019,薛侃,明,45,False
3021,黄克晦,明,44,False
3022,岳岱,明,44,False
3023,黄瑜,明,44,False
3024,郑关,明,44,False
3025,朱瞻基,明,44,False
3026,姚光虞,明,44,False
3027,佘光裕,明,44,False
3028,李良柱,明,44,False
3031,黎延祖,明,44,False
3032,郭廑,明,44,False
3033,张凤翔,明,44,False
3034,石沆,明,43,False
3037,王猷,明,43,False
3038,柳应芳,明,42,False
3039,沈一贯,明,42,False
3040,韩邦靖,明,42,False
3041,甘瑾,明,42,False
3042,高逊志,明,42,False
3043,陈良珍,明,42,False
3044,周光镐,明,42,False
3045,明秀,明,42,False
3046,秦旭,明,42,False
3047,申时行,明,41,False
3048,田汝?,明,41,False
3051,徐繗,明,40,False
3052,陆釴,明,40,False
3054,时太初,明,40,False
3055,徐宏祖,明,40,False
3056,区益,明,40,False
3057,薛纲,明,40,False
3058,盛时泰,明,39,False
3059,陆容,明,39,False
3060,周叙,明,39,False
3061,潘光统,明,39,False
3062,黎民衷,明,39,False
3063,张应申,明,39,False
3064,荪谷,明,39,False
3065,王钝,明,39,False
3066,李开先,明,39,False
3067,金銮,明,38,False
3068,傅汝楫,明,38,False
3069,沈愚,明,38,False
3071,释今覞,明,38,False
3072,潘纬,明,37,False
3073,张淮,明,37,False
3074,邢宥,明,37,False
3075,刘克治,明,37,False
3076,李士淳,明,37,False
3078,法杲,明,37,False
3079,白圻,明,37,False
3080,郑珞,明,37,False
3081,商辂,明,37,False
3082,王鼎,明,36,False
3083,张夏,明,36,False
3084,钟惺,明,36,False
3085,陈桭,明,36,False
3086,张含,明,36,False
3087,王韦,明,36,False
3088,周玄,明,36,False
3089,黄钥,明,36,False
3091,李承芳,明,36,False
3092,戴奎,明,36,False
3093,苏福,明,35,False
3094,王慎中,明,35,False
3095,赵贞吉,明,35,False
3096,童佩,明,35,False
3097,丰坊,明,35,False
3098,王禹声,明,35,False
3099,林士元,明,35,False
3100,钱月龄,明,35,False
3101,李廷仪,明,35,False
3102,李胜原,明,35,False
3103,吕渊,明,35,False
3105,魏称,明,35,False
3106,罗洪先,明,34,False
3108,叶子奇,明,34,False
3109,郭槃,明,34,False
3110,张廷臣,明,34,False
3111,袁登道,明,34,False
3112,谢宗鍹,明,34,False
3113,胡安,明,33,False
3114,陈沂,明,33,False
3115,詹同,明,33,False
3116,梁柱臣,明,33,False
3117,朱士赞,明,33,False
3118,黎崇宣,明,33,False
3119,唐锦,明,33,False
3120,王英,明,32,False
3121,彭年,明,32,False
3122,李先芳,明,32,False
3123,刘大夏,明,32,False
3124,曾棨,明,32,False
3125,蜀成王,明,32,False
3126,唐秩,明,32,False
3127,林枝桥,明,32,False
3128,邓时雨,明,32,False
3129,谢矩,明,32,False
3130,陈鸿,明,31,False
3131,钱谦贞,明,31,False
3132,杭济,明,31,False
3134,陈缉,明,31,False
3135,梁孜,明,31,False
3136,陈迁,明,31,False
3137,叶梦熊,明,31,False
3138,袁昌祚,明,31,False
3139,杨瑞云,明,31,False
3140,罗宾王,明,31,False
3141,邝思诰,明,31,False
3142,李觉斯,明,31,False
3143,释古易,明,31,False
3144,陈良贵,明,31,False
3145,王野,明,30,False
3146,张瑰,明,30,False
3147,许邦才,明,30,False
3148,王直,明,30,False
3149,姚光泮,明,30,False
3151,谢重华,明,30,False
3152,何允泓,明,29,False
3153,王伯稠,明,29,False
3154,程诰,明,29,False
3155,张和,明,29,False
3156,张楷,明,29,False
3157,张鸣韶,明,29,False
3158,康麟,明,29,False
3159,陈子龙,明,28,False
3160,王一鸣,明,28,False
3161,盛鸣世,明,28,False
3162,林章,明,28,False
3163,金大舆,明,28,False
3164,陈束,明,28,False
3166,李以龙,明,28,False
3167,梁景先,明,28,False
3169,梁民相,明,28,False
3170,陈言,明,28,False
3171,靳贵,明,28,False
3172,王景,明,27,False
3173,刘师邵,明,27,False
3174,邢侗,明,27,False
3175,赵南星,明,27,False
3176,吕时臣,明,27,False
3177,陈完,明,27,False
3178,吴旦,明,27,False
3179,黄士俊,明,27,False
3180,何转书,明,27,False
3181,释通岸,明,27,False
3182,释今壁,明,27,False
3185,陈登,明,27,False
3186,徐孚远,明,27,False
3187,王蒙,明,26,False
3188,孙承宗,明,26,False
3189,程可中,明,26,False
3190,李进（孟昭,明,26,False
3191,皇甫濂,明,26,False
3192,周用,明,26,False
3193,陈衡,明,26,False
3194,方国骅,明,26,False
3195,林廷模,明,26,False
3196,吴实,明,26,False
3197,陈继儒,明,25,False
3198,郑胤骥,明,25,False
3199,杨子器,明,25,False
3200,陈应元,明,25,False
3201,黄志尹,明,25,False
3202,徐问,明,25,False
3203,钱肃润,明,25,False
3204,周文,明,24,False
3205,呼文如,明,24,False
3206,徐有贞,明,24,False
3207,虞淳熙,明,24,False
3208,张璨,明,24,False
3209,唐穆,明,24,False
3210,胡庭兰,明,24,False
3211,黎邦琰,明,24,False
3212,霍尚守,明,24,False
3213,谢五娘,明,24,False
3214,王㒜,明,24,False
3215,朱睦㮮,明,24,False
3216,如兰,明,24,False
3217,王懋明,明,23,False
3218,张祥鸢,明,23,False
3219,平显,明,23,False
3220,施敬,明,23,False
3221,杨宛,明,23,False
3222,薛雍,明,23,False
3223,李以麟,明,23,False
3224,王元俸,明,23,False
3225,余玉馨,明,23,False
3226,李桢,明,23,False
3227,罗荣,明,23,False
3228,陈航,明,23,False
3229,阙名,明,22,False
3230,王衡,明,22,False
3231,张正蒙,明,22,False
3232,曹嘉,明,22,False
3233,黄云,明,22,False
3234,杨一清,明,22,False
3235,罗颀,明,22,False
3236,林敏,明,22,False
3237,赵撝谦,明,22,False
3238,海瑞,明,22,False
3239,黎崇勚,明,22,False
3240,梁亭表,明,22,False
3241,释今辩,明,22,False
3242,溥洽,明,22,False
3243,智舷,明,22,False
3244,朱硕熏,明,22,False
3245,秦耀,明,22,False
3246,陈玺,明,22,False
3247,陈崇德,明,22,False
3248,朱用纯,明,22,False
3249,郑琰,明,21,False
3250,逯昶,明,21,False
3251,汤胤绩,明,21,False
3252,良琦,明,21,False
3253,岑万,明,21,False
3254,黄鏊,明,21,False
3255,冯昌历,明,21,False
3256,李待问,明,21,False
3257,黄圣期,明,21,False
3258,张嗣垣,明,21,False
3259,何准道,明,21,False
3260,王琅,明,21,False
3261,佘五娘,明,21,False
3262,释道丘,明,21,False
3263,清濋,明,21,False
3264,陈钧,明,21,False
3265,黄㴻,明,21,False
3266,文洪,明,21,False
3267,王淮,明,20,False
3268,朱存理,明,20,False
3269,沈野,明,20,False
3270,陆之裘,明,20,False
3271,金大车,明,20,False
3272,方太古,明,20,False
3273,薛亹,明,20,False
3274,罗奕佐,明,20,False
3275,黎邦瑊,明,20,False
3276,释古邈,明,20,False
3277,释古义,明,20,False
3278,戴缙,明,20,False
3279,董少玉,明,20,False
3280,屠瑶瑟,明,20,False
3281,朱静庵,明,20,False
3282,安绍芳,明,20,False
3283,许景樊,明,20,False
3284,郑瑛,明,20,False
3285,陈维裕,明,20,False
3286,程可则,明,20,False
3298,黄遵宪,清,909,False
3312,钱澄之,清,565,False
3320,洪繻,清,507,False
3321,毛奇龄,清,486,False
3323,费墨娟,清,459,False
3324,纳兰性德,清,454,False
3331,李宪噩,清,400,False
3342,祝廷华,清,349,False
3344,曾广钧,清,333,False
3352,张鹏翮,清,304,False
3355,王季珠,清,297,False
3362,李希圣,清,277,False
3369,沈尹默,清,265,False
3380,柳是,清,253,False
3389,陈三立,清,225,False
3393,陈式金,清,220,False
3394,王松,清,219,False
3411,朱青长,清,188,False
3413,徐搢珊,清,186,False
3420,柳亚子,清,176,False
3431,纪昀,清,164,False
3433,陆震,清,160,False
3434,黄文仪,清,157,False
3435,沈曾植,清,156,False
3440,朱仕玠,清,153,False
3442,梁启超,清,151,False
3450,毛澄,清,140,False
3453,张湄,清,138,False
3460,范咸,清,130,False
3461,潘榕,清,129,False
3463,章钰,清,124,False
3473,苏曼殊,清,115,False
3474,薛昂若,清,114,False
3475,李长霞,清,113,False
3476,沈光文,清,113,False
3477,端木埰,清,113,False
3482,缪徵甲,清,110,False
3488,华蘅芳,清,105,False
3491,许禧身,清,104,False
3492,刘天谊,清,104,False
3493,金应澍,清,103,False
3494,那逊兰保,清,103,False
3496,周凯,清,102,False
3498,陶德勋,清,101,False
3499,刘家谋,清,101,False
3501,庄盘珠,清,99,False
3503,严金清,清,98,False
3506,宋荦,清,94,False
3513,曹雪芹,清,92,False
3515,宋育仁,清,90,False
3517,杨宾,清,87,False
3520,顾印愚,清,85,False
3531,洪锡爵,清,79,False
3532,卓肇昌,清,79,False
3534,王采薇,清,78,False
3535,左锡璇,清,78,False
3536,梁成楠,清,78,False
3540,张廷寿,清,76,False
3541,巨赞,清,76,False
3543,郭曾炘,清,71,False
3544,邓瑜,清,71,False
3548,缪重熙,清,68,False
3550,郑燮,清,67,False
3553,金科豫,清,67,False
3556,关锳,清,65,False
3557,李鸿章,清,64,False
3558,六十七,清,64,False
3559,陈维英,清,64,False
3560,李邺嗣,清,63,False
3562,钱曾,清,61,False
3563,黄景仁,清,61,False
3564,张玉纶,清,61,False
3565,曹俊,清,61,False
3566,顾炎武,清,60,False
3569,恽格,清,59,False
3573,夏之芳,清,58,False
3574,缪焕章,清,57,False
3575,陈毓瑞,清,57,False
3579,阮恩滦,清,56,False
3582,沈德潜,清,54,False
3583,姚鼐,清,54,False
3584,谢金銮,清,54,False
3585,徐庭翼,清,54,False
3587,郁永河,清,53,False
3589,慕昌溎,清,53,False
3590,张珊英,清,53,False
3592,赵清瑞,清,53,False
3593,钱蘅生,清,53,False
3596,杭世骏,清,52,False
3601,杨浣芬,清,52,False
3602,黄摩西,清,52,False
3603,张惠言,清,51,False
3607,陈辉,清,49,False
3609,陆蓉佩,清,49,False
3611,严既澄,清,49,False
3612,钱载,清,48,False
3613,李稷勋,清,48,False
3614,王芑孙,清,48,False
3615,吴茝,清,48,False
3616,曾彦,清,48,False
3617,赵芬,清,48,False
3618,翁方刚,清,47,False
3619,法式善,清,47,False
3620,朱中楣,清,47,False
3622,吴性诚,清,47,False
3623,金锷,清,47,False
3624,陈寅恪,清,47,False
3625,吴嘉纪,清,46,False
3628,钱陆灿,清,46,False
3630,赵执信,清,45,False
3631,黄宗羲,清,45,False
3632,姚浚昌,清,45,False
3633,金和,清,45,False
3634,葛宜,清,45,False
3637,沈榛,清,45,False
3638,吴希鄂,清,45,False
3639,李?媖,清,44,False
3641,蔡见先,清,44,False
3642,蒋葆元,清,44,False
3643,吴曾徯,清,44,False
3644,孙思敬,清,44,False
3645,吴山,清,43,False
3646,谭嗣同,清,43,False
3647,田雯,清,43,False
3648,吴振棫,清,43,False
3650,梁德绳,清,43,False
3653,郑兰孙,清,42,False
3654,成书,清,42,False
3656,张佩纶,清,42,False
3657,缪思勃,清,42,False
3658,秦廷璧,清,42,False
3659,李銮宣,清,41,False
3660,张友书,清,41,False
3662,黄琬璚,清,41,False
3663,王家枢,清,41,False
3664,朱筠,清,40,False
3665,杨思圣,清,40,False
3666,魏源,清,40,False
3667,叶方霭,清,40,False
3668,多敏,清,40,False
3669,元璟,清,40,False
3671,陶淑,清,40,False
3672,朱煌,清,40,False
3673,刘慎荣,清,40,False
3674,冯幵,清,40,False
3675,何震彝,清,39,False
3676,沈纕,清,39,False
3677,曹景芝,清,39,False
3678,王尔烈,清,39,False
3680,徐骘民,清,39,False
3681,冯班,清,38,False
3682,潘耒,清,38,False
3684,黄叔璥,清,38,False
3685,王恩浩,清,38,False
3686,陆汝猷,清,38,False
3687,王泰偕,清,38,False
3689,韩氏,清,37,False
3690,秦松龄,清,37,False
3691,朱圭,清,37,False
3692,高心夔,清,37,False
3693,萧雄,清,37,False
3694,缪珠荪,清,37,False
3695,舒位,清,36,False
3697,夏伊兰,清,36,False
3698,吴子光,清,36,False
3700,席佩兰,清,35,False
3701,雷钟德,清,35,False
3703,孙鼎臣,清,35,False
3705,蔡国琳,清,35,False
3706,觉罗四明,清,35,False
3707,于右任,清,35,False
3708,方文,清,34,False
3709,胡延,清,34,False
3710,黎简,清,34,False
3712,胡健,清,34,False
3713,许咏仁,清,34,False
3715,过春山,清,33,False
3716,何绍基,清,33,False
3717,赵怀玉,清,33,False
3719,施钰,清,33,False
3720,黄金石,清,33,False
3721,王昶,清,32,False
3722,申涵光,清,32,False
3723,邵长蘅,清,32,False
3725,王拯,清,32,False
3726,周映清,清,32,False
3728,陆珊,清,32,False
3729,查元鼎,清,32,False
3730,吴廷华,清,32,False
3732,陈毅,清,31,False
3733,福临,清,31,False
3735,陈廷敬,清,31,False
3736,唐赞衮,清,31,False
3737,鲍之芬,清,31,False
3739,郑登瀛,清,31,False
3740,袁世凯,清,31,False
3741,施景琛,清,31,False
3742,谢蕙,清,31,False
3744,李炳灵,清,31,False
3746,周亮工,清,30,False
3747,仓央嘉措,清,30,False
3748,钱琦,清,30,False
3750,史善长,清,30,False
3751,齐体物,清,30,False
3752,许雷地,清,30,False
3753,杜浚,清,29,False
3754,叶燮,清,29,False
3755,允禧,清,29,False
3756,袁佑,清,29,False
3757,汤右曾,清,29,False
3758,吴铭道,清,29,False
3759,吴颖芳,清,29,False
3760,谭宗浚,清,29,False
3761,柯劭慧,清,29,False
3762,孔祥淑,清,29,False
3763,周翼椿,清,29,False
3764,濮文绮,清,29,False
3765,徐元瑞,清,29,False
3766,罗秀惠,清,29,False
3767,程素绚,清,29,False
3770,潘高,清,28,False
3771,黄金台,清,28,False
3772,张笃庆,清,28,False
3773,纪迈宜,清,28,False
3774,王鸣盛,清,28,False
3775,祁寯藻,清,28,False
3776,包兰瑛,清,28,False
3778,吕敦礼,清,28,False
3779,宋永清,清,28,False
3781,温权甫,清,28,False
3782,陈之遴,清,27,False
3783,孙枝蔚,清,27,False
3784,文昭,清,27,False
3785,冯廷櫆,清,27,False
3787,惠周惕,清,27,False
3788,鄂尔泰,清,27,False
3789,许廷鑅,清,27,False
3790,李重华,清,27,False
3792,吴兰畹,清,27,False
3793,蒋纫兰,清,27,False
3794,曹玘,清,27,False
3795,赖世观,清,27,False
3796,余文仪,清,27,False
3797,夏炜如,清,27,False
3798,张振,清,27,False
3799,陈嘉,清,26,False
3801,塞尔赫,清,26,False
3802,博尔都,清,26,False
3803,高其倬,清,26,False
3804,钱杜,清,26,False
3805,邓廷桢,清,26,False
3806,莫友芝,清,26,False
3807,夏诒钰,清,26,False
3808,袁昶,清,26,False
3809,梅文明,清,26,False
3810,屠寄,清,26,False
3811,金逸,清,26,False
3812,李端临,清,26,False
3815,汪淑娟,清,26,False
3817,王恩汾,清,26,False
3818,王士元,清,25,False
3819,彭孙贻,清,25,False
3820,阮元,清,25,False
3821,吴兆骞,清,25,False
3822,书諴,清,25,False
3823,胡承诺,清,25,False
3824,方殿元,清,25,False
3825,吕留良,清,25,False
3826,钱陈群,清,25,False
3827,梦麟,清,25,False
3828,韩是升,清,25,False
3829,张鹤龄,清,25,False
3830,金墀,清,25,False
3831,曾懿,清,25,False
3833,乌竹芳,清,25,False
3834,徐必观,清,25,False
3835,王仲霞,清,25,False
3836,陈柄德,清,25,False
3837,陈景元,清,24,False
3838,傅山,清,24,False
3839,江湜,清,24,False
3840,汪楫,清,24,False
3841,张盖,清,24,False
3842,殷岳,清,24,False
3843,黎士弘,清,24,False
3844,颜光敏,清,24,False
3845,沈用济,清,24,False
3846,张廷璐,清,24,False
3847,马朴臣,清,24,False
3848,茹纶常,清,24,False
3849,颜检,清,24,False
3850,宗稷辰,清,24,False
3851,李宗瀛,清,24,False
3852,罗大佑,清,24,False
3853,张百熙,清,24,False
3854,罗运崃,清,24,False
3855,百保,清,24,False
3856,范淑,清,24,False
3857,慧霖,清,24,False
3858,许淑慧,清,24,False
3860,王竹修,清,24,False
3861,郑用鉴,清,24,False
3862,庄年,清,24,False
3863,慈国璋,清,24,False
3864,李恰,清,24,False
3865,薛镛,清,24,False
3866,秦涌,清,24,False
3868,周水平,清,24,False
3869,王士祯,清,23,False
3870,金至元,清,23,False
3872,吴之振,清,23,False
3874,尹继善,清,23,False
3875,金志章,清,23,False
3876,赵文哲,清,23,False
3877,彭兆荪,清,23,False
3878,李兆洛,清,23,False
3879,包世臣,清,23,False
3880,梅曾亮,清,23,False
3881,黄爵滋,清,23,False
3882,毛国翰,清,23,False
3883,沈彩,清,23,False
3884,储慧,清,23,False
3885,柯培元,清,23,False
3886,章简,清,23,False
3888,胡汉民,清,23,False
3889,陈训正,清,23,False
3890,万寿祺,清,22,False
3891,赵进美,清,22,False
3892,彭玉麟,清,22,False
3893,孙桐生,清,22,False
3894,陶澄,清,22,False
3895,张文光,清,22,False
3896,周茂源,清,22,False
3897,周龙藻,清,22,False
3898,郑世元,清,22,False
3900,吴文溥,清,22,False
3901,方士淦,清,22,False
3902,潘祖荫,清,22,False
3903,陈书（伯初,清,22,False
3904,劳蓉君,清,22,False
3905,赵友兰,清,22,False
3906,林耀亭,清,22,False
3907,陈廷宪,清,22,False
3908,缪葆忠,清,22,False
3909,唐芑,清,22,False
3911,江开,清,21,False
3912,刘逢源,清,21,False
3913,姚燮,清,21,False
3914,章有湘,清,21,False
3915,傅为霖,清,21,False
3916,乌尔恭阿,清,21,False
3917,李天馥,清,21,False
3918,徐乾学,清,21,False
3919,邓汉仪,清,21,False
3920,张坦,清,21,False
3921,商盘,清,21,False
3922,盛锦,清,21,False
3923,朱琦,清,21,False
3924,沈钦韩,清,21,False
3925,姚椿,清,21,False
3926,汤贻汾,清,21,False
3927,边浴礼,清,21,False
3928,于式枚,清,21,False
3929,徐坊,清,21,False
3931,胡缘,清,21,False
3932,任崧珠,清,21,False
3933,祖观,清,21,False
3934,许梦青,清,21,False
3935,郑鹏云,清,21,False
3936,高拱乾,清,21,False
3937,薛约,清,21,False
3938,承培元,清,21,False
3939,陈以豫,清,21,False
3940,方朝,清,21,False
3941,史惟圆,清,21,False
3942,叶昌炽,清,21,False
3943,沙元炳,清,21,False
3944,陈虔安,清,21,False
3945,薛琼,清,20,False
3946,王宾,清,20,False
3947,余京,清,20,False
3948,黄琮,清,20,False
3949,顾若璞,清,20,False
3950,高珩,清,20,False
3951,刘城,清,20,False
3952,余怀,清,20,False
3953,陆次云,清,20,False
3954,孙蕙,清,20,False
3955,韩菼,清,20,False
3956,费锡璜,清,20,False
3957,曹禾,清,20,False
3958,顾嗣立,清,20,False
3959,梁佩兰,清,20,False
3960,彭维新,清,20,False
3961,张照,清,20,False
3962,杨二酉,清,20,False
3963,万光泰,清,20,False
3964,毕沅,清,20,False
3965,褚廷璋,清,20,False
3966,桂馥,清,20,False
3967,斌良,清,20,False
3968,黎兆勋,清,20,False
3970,谢章铤,清,20,False
3971,张祖继,清,20,False
3972,晓青,清,20,False
3974,钟筠,清,20,False
3975,周在镐,清,20,False
3976,陆懿淑,清,20,False
3977,陈学洙,清,20,False
3978,宋伯鲁,清,20,False
3980,屈复,清,19,False
3981,王广心,清,19,False
3982,曹寅,清,19,False
3983,刘廷玑,清,19,False
3984,仝轨,清,19,False
3985,李予望,清,19,False
3986,陈浩,清,19,False
3987,张鹏翀,清,19,False
3988,陈兆仑,清,19,False
3989,查礼,清,19,False
3990,和瑛,清,19,False
3991,孙尔准,清,19,False
3992,徐宗干,清,19,False
3993,沈丙莹,清,19,False
3994,孙衣言,清,19,False
3996,蒋曰豫,清,19,False
3997,宋书升,清,19,False
3998,萧道管,清,19,False
3999,钱念生,清,19,False
4001,江日升,清,19,False
4002,蔡廷兰,清,19,False
4003,缪九畴,清,19,False
4004,陈毓秀,清,19,False
4005,祝书根,清,19,False
4006,缪赞熙,清,19,False
4007,王树楠,清,19,False
4008,秦燮,清,19,False
4009,吴锡麒,清,18,False
4010,郭麟,清,18,False
4011,阎尔梅,清,18,False
4012,邱晋成,清,18,False
4013,郜焕元,清,18,False
4014,徐元文,清,18,False
4015,张玉书,清,18,False
4016,林麟焻,清,18,False
4017,胡会恩,清,18,False
4018,周钟瑄,清,18,False
4019,徐昂发,清,18,False
4020,谢重辉,清,18,False
4021,李必恒,清,18,False
4022,陈祖范,清,18,False
4024,诸锦,清,18,False
4025,翁照,清,18,False
4026,王汝璧,清,18,False
4027,钱澧,清,18,False
4028,吴进,清,18,False
4029,张履,清,18,False
4030,汤鹏,清,18,False
4031,潘德舆,清,18,False
4032,李联琇,清,18,False
4033,董文涣,清,18,False
4034,任其昌,清,18,False
4035,谭廷献,清,18,False
4036,陈遹声,清,18,False
4037,叶在琦,清,18,False
4038,赵金鉴,清,18,False
4039,侯承恩,清,18,False
4040,陈尔士,清,18,False
4041,张秀端,清,18,False
4042,张纶英,清,18,False
4043,江韵梅,清,18,False
4044,王嗣晖,清,18,False
4045,惠远谟,清,18,False
4046,清恒,清,18,False
4047,林鹤年,清,18,False
4048,林维丞,清,18,False
4049,黄家鼎,清,18,False
4050,卢德嘉,清,18,False
4051,陆懿和,清,18,False
4052,赵承光,清,18,False
4053,孔毓玑,清,18,False
4054,刘师培,清,18,False
4055,载湉,清,17,False
4056,齐召南,清,17,False
4057,李秉礼,清,17,False
4058,周济,清,17,False
4059,旻宁,清,17,False
4060,蕴端,清,17,False
4061,恒仁,清,17,False
4062,陈洪绶,清,17,False
4064,汪绎,清,17,False
4065,纪逵宜,清,17,False
4066,蓝鼎元,清,17,False
4067,桑调元,清,17,False
4068,王太岳,清,17,False
4069,周准,清,17,False
4070,汪缙,清,17,False
4071,李鼎元,清,17,False
4072,冯敏昌,清,17,False
4073,严烺,清,17,False
4074,喻文鏊,清,17,False
4075,李惺,清,17,False
4076,端木国瑚,清,17,False
4077,郑献甫,清,17,False
4078,岑澄,清,17,False
4079,沈谨学,清,17,False
4080,李应莘,清,17,False
4081,许振祎,清,17,False
4082,赵国华,清,17,False
4083,吴汝纶,清,17,False
4084,濮文暹,清,17,False
4085,黄绍箕,清,17,False
4086,张荫桓,清,17,False
4087,林以宁,清,17,False
4088,方芳佩,清,17,False
4089,恽珠,清,17,False
4090,文静玉,清,17,False
4091,卢德仪,清,17,False
4092,梁霭,清,17,False
4093,缪宝娟,清,17,False
4094,陈珍瑶,清,17,False
4095,李道清,清,17,False
4097,汪廷桂,清,17,False
4098,陶育,清,17,False
4099,徐宗达,清,17,False
4100,许英,清,17,False
4101,郁植,清,17,False
4102,陈融,清,17,False
4103,杨鸾,清,16,False
4104,王照,清,16,False
4105,王锡,清,16,False
4106,冒襄,清,16,False
4107,潘柽章,清,16,False
4108,梁以樟,清,16,False
4109,张英,清,16,False
4110,汪懋麟,清,16,False
4111,王鸿绪,清,16,False
4112,龙燮,清,16,False
4113,史夔,清,16,False
4114,管棆,清,16,False
4115,沈钦圻,清,16,False
4116,蒋廷锡,清,16,False
4117,缪沅,清,16,False
4118,陈德正,清,16,False
4119,汪仲鈖,清,16,False
4120,顾光旭,清,16,False
4121,张锡祚,清,16,False
4122,刘应陛,清,16,False
4123,杨廷理,清,16,False
4124,王苏,清,16,False
4125,欧阳辂,清,16,False
4126,凌扬藻,清,16,False
4127,邵葆祺,清,16,False
4128,陈寿祺,清,16,False
4129,刘敦元,清,16,False
4130,左宗植,清,16,False
4131,龙启瑞,清,16,False
4132,徐树铭,清,16,False
4133,赵树吉,清,16,False
4134,罗泽南,清,16,False
4135,黎庶焘,清,16,False
4136,邓辅纶,清,16,False
4137,郭式昌,清,16,False
4138,汪瑔,清,16,False
4139,张学雅,清,16,False
4140,何慧生,清,16,False
4141,俞绣孙,清,16,False
4142,钱淑生,清,16,False
4143,俞玫,清,16,False
4144,屈秉筠,清,16,False
4145,贺双卿,清,16,False
4146,孙瑩培,清,16,False
4147,方彦珍,清,16,False
4148,赖绍尧,清,16,False
4149,杨桂森,清,16,False
4150,曾逢辰,清,16,False
4151,陈学圣,清,16,False
4152,董正官,清,16,False
4153,汪怡甲,清,16,False
4154,王德爵,清,16,False
4155,沈受宏,清,16,False
4156,顾绍敏,清,16,False
4157,李果,清,16,False
4158,陆楣,清,16,False
4159,肖雄,清,16,False
4160,王则修,清,16,False
4161,章炳麟,清,16,False
4162,张藻,清,15,False
4163,王应辰,清,15,False
4164,许友,清,15,False
4165,曾燠,清,15,False
4166,颙琰,清,15,False
4167,弘瞻,清,15,False
4168,奕欣,清,15,False
4169,魏禧,清,15,False
4170,朱鹤龄,清,15,False
4171,李澄中,清,15,False
4172,张远,清,15,False
4173,方式济,清,15,False
4174,田榕,清,15,False
4175,张梁,清,15,False
4176,裘琏,清,15,False
4177,叶舒璐,清,15,False
4178,方还,清,15,False
4179,国梁,清,15,False
4180,舒瞻,清,15,False
4181,甘运源,清,15,False
4182,汪学金,清,15,False
4183,李宗瀚,清,15,False
4184,吴嵩梁,清,15,False
4185,谢兰生,清,15,False
4186,江之纪,清,15,False
4187,符兆纶,清,15,False
4188,蒋湘南,清,15,False
4189,黄彭年,清,15,False
4190,龚易图,清,15,False
4191,商景徽,清,15,False
4192,蔡琬,清,15,False
4193,钟令嘉,清,15,False
4194,郭步韫,清,15,False
4195,袁机,清,15,False
4196,阚寿坤,清,15,False
4197,刘文嘉,清,15,False
4198,性道人,清,15,False
4199,德月,清,15,False
4200,卓梦采,清,15,False
4201,孙霖,清,15,False
4202,吕成家,清,15,False
4203,谢家树,清,15,False
4204,李若琳,清,15,False
4205,陆祖瀛,清,15,False
4206,童玮,清,15,False
4207,袁嘉,清,15,False
4208,沈允慎,清,15,False
4209,陈璋,清,15,False
4210,惠士奇,清,15,False
4211,苏履吉,清,15,False
4212,瞿鸿禨,清,15,False
4213,王其元,清,15,False
4217,聂绀弩,近代,642,False
4222,吴未淳,近代,454,False
4223,沙曾达,近代,417,False
4227,卢前,近代,361,False
4228,刘凤梧,近代,333,False
4229,张采庵,近代,329,False
4230,田遨,近代,323,False
4231,黄公渚,近代,322,False
4233,朱帆,近代,290,False
4234,黄松鹤,近代,268,False
4239,金天羽,近代,249,False
4240,汪精卫,近代,247,False
4249,萧梦霞,近代,222,False
4250,叶云峰,近代,222,False
4254,谢龙升,近代,207,False
4257,郁达夫,近代,200,False
4260,单人耘,近代,193,False
4262,林庚白,近代,190,False
4265,洪存恕,近代,180,False
4266,王益初,近代,179,False
4270,张瑞玑,近代,172,False
4271,杨寿杓,近代,170,False
4274,吴玉如,近代,162,False
4275,王陆一,近代,162,False
4276,宗远崖,近代,161,False
4277,吴寿彭,近代,160,False
4278,杨民仁,近代,158,False
4283,茅于美,近代,143,False
4285,舒庆春,近代,139,False
4286,方守敦,近代,139,False
4288,温倩华,近代,138,False
4289,罗元贞,近代,136,False
4290,薛青萍,近代,135,False
4292,吴昌绶,近代,130,False
4294,喻蘅,近代,128,False
4297,张中行,近代,124,False
4298,溥儒,近代,123,False
4300,张鸿,近代,122,False
4302,田翠竹,近代,121,False
4303,黄锡朋,近代,120,False
4305,周作人,近代,120,False
4306,骆成骧,近代,120,False
4307,陈逸云,近代,120,False
4309,佟绍弼,近代,116,False
4310,俞长源,近代,114,False
4311,方鹤斋,近代,111,False
4314,石声汉,近代,110,False
4315,胡雪抱,近代,109,False
4316,严古津,近代,109,False
4317,金启孮,近代,109,False
4318,俞平伯,近代,108,False
4320,范天烈,近代,108,False
4321,黄福基,近代,108,False
4323,张珍怀,近代,105,False
4326,萧劳,近代,101,False
4328,徐兆玮,近代,98,False
4329,宋词,近代,96,False
4333,汪玢,近代,94,False
4334,张鳦生,近代,94,False
4336,刘东父,近代,92,False
4337,李西庚,近代,90,False
4338,毛泽东,近代,89,False
4339,常燕生,近代,87,False
4340,周云阁,近代,87,False
4341,胡绳,近代,82,False
4342,彭靖,近代,82,False
4343,唐鼎元,近代,81,False
4345,孙俊在,近代,81,False
4346,孙玄常,近代,80,False
4348,冯其庸,近代,76,False
4349,郁曼陀,近代,76,False
4353,张涤华,近代,72,False
4355,徐炯,近代,70,False
4357,鲁迅,近代,67,False
4358,吴世昌,近代,67,False
4359,王用宾,近代,65,False
4361,郭象升,近代,64,False
4364,彭鹤濂,近代,60,False
4366,吴文治,近代,60,False
4367,冯君辉,近代,60,False
4368,丰子恺,近代,59,False
4370,吴虞,近代,58,False
4371,陈湋,近代,57,False
4375,夏纬明,近代,53,False
4376,芮麟,近代,53,False
4377,钱仲联,近代,52,False
4378,钟敬文,近代,52,False
4380,席子研,近代,52,False
4382,江庸,近代,51,False
4384,缪钺,近代,51,False
4385,启功,近代,50,False
4386,马继华,近代,50,False
4387,盛世英,近代,50,False
4389,黄仁基,近代,49,False
4390,金紫衡,近代,49,False
4393,刘瑞清,近代,47,False
4394,王再咸,近代,45,False
4395,杨易霖,近代,45,False
4396,李仲林,近代,45,False
4397,缪祉保,近代,44,False
4399,李叔同,近代,42,False
4400,刘清漳,近代,42,False
4401,王冷斋,近代,41,False
4402,龚锡圭,近代,41,False
4404,宛敏灏,近代,39,False
4406,芍印,近代,39,False
4407,苏启元,近代,38,False
4410,陆玄默,近代,38,False
4412,秋瑾,近代,37,False
4413,赵清源,近代,36,False
4414,何满子,近代,36,False
4415,曾国才,近代,36,False
4419,廖光,近代,34,False
4420,杨赓笙,近代,34,False
4421,陈小翠,近代,32,False
4422,张秉衡,近代,31,False
4423,裘祖诰,近代,30,False
4424,舒云逵,近代,30,False
4425,吴庆焘,近代,30,False
4426,萧萐父,近代,30,False
4427,黄英,近代,29,False
4428,张朝墉,近代,29,False
4429,李永镇,近代,28,False
4430,吴绍烈,近代,28,False
4431,侯学愈,近代,28,False
4432,魏毓兰,近代,27,False
4434,郭仲达,近代,26,False
4435,朱子镛,近代,26,False
4437,邢锦生,近代,25,False
4438,吴天鹏,近代,24,False
4439,蒋士超,近代,24,False
4440,茅盾,近代,23,False
4441,吴圣和,近代,23,False
4442,邓拓,近代,22,False
4443,章衣萍,近代,22,False
4444,刘海粟,近代,22,False
4446,冯誉骢,近代,21,False
4447,薛建吾,近代,21,False
4448,吴卓澄,近代,21,False
4449,钱少华,近代,21,False
4450,刘济农,近代,21,False
4451,胡汀鹭,近代,21,False
4452,顾毓琇,近代,21,False
4453,何金江,近代,21,False
4454,刘玉璋,近代,20,False
4455,夏纬森,近代,20,False
4456,凌学攽,近代,20,False
4457,朱自清,近代,19,False
4458,沈昌眉,近代,19,False
4459,刘大白,近代,19,False
4460,吴之英,近代,18,False
4461,宋辅仁,近代,18,False
4462,吴嘉谟,近代,18,False
4463,顾保瑢,近代,18,False
4464,朱士嵩,近代,18,False
4465,暴焕章,近代,18,False
4466,范廷铨,近代,18,False
4467,孙肇圻,近代,18,False
4468,徐谦,近代,17,False
4469,吴朝品,近代,17,False
4470,周凤翔,近代,17,False
4471,曹明贤,近代,17,False
4472,张充和,近代,17,False
4473,李景复,近代,16,False
4474,惺伯民,近代,16,False
4475,梁季子,近代,16,False
4476,胡山源,近代,16,False
4477,杨味云,近代,16,False
4478,陈顺彬,近代,15,False
4479,王汝赓,近代,15,False
4480,冯明权,近代,15,False
4481,王亚南,近代,15,False
4482,徐征吉,近代,15,False
4483,侯鸿鉴,近代,15,False
4484,张北海,近代,15,False
4485,萧碧梧,近代,14,False
4486,胡怀琛,近代,14,False
4487,周学藩,近代,14,False
4488,谢冶盦,近代,14,False
4489,王锡玙,近代,14,False
4490,严雁峰,近代,13,False
4491,魏幼禽,近代,13,False
4492,廖慕禹,近代,13,False
4493,殷曰同,近代,13,False
4494,廉泉,近代,13,False
4495,邓缵先,近代,13,False
4496,温见,近代,13,False
4497,梁鸿志,近代,12,False
4498,于氏（沧州,近代,12,False
4499,王宣猷,近代,11,False
4500,江上青,近代,11,False
4501,李释戡,近代,11,False
4502,吴中伟,近代,11,False
4503,刘文中,近代,11,False
4504,王瑞甫,近代,11,False
4505,安鉴培,近代,11,False
4506,孙揆均,近代,11,False
4507,溥叔明,近代,11,False
4508,丁三在,近代,11,False
4509,宋一鸿,近代,11,False
4510,吴则虞,近代,10,False
4511,邱清泉,近代,10,False
4512,梁清芬,近代,10,False
4513,万正常,近代,10,False
4514,赵增瑀,近代,10,False
4515,王宸居,近代,10,False
4516,孙家遂,近代,10,False
4517,林南强,近代,10,False
4518,吕思勉,近代,10,False
4519,薛双甲,近代,10,False
4520,杜芷芗,近代,10,False
4521,殷质卿,近代,10,False
4522,钱穆,近代,10,False
4523,卢青山,当代,2000,False
4524,陈振家,当代,1745,False
4526,伯昏子,当代,1365,False
4529,添雪斋,当代,929,False
4530,何永沂,当代,920,False
4535,秦鸿,当代,646,False
4537,陈仁德,当代,603,False
4543,余菊庵,当代,337,False
4545,杨启宇,当代,326,False
4547,张月宇,当代,312,False
4549,谷海鹰,当代,304,False
4551,吴灏,当代,263,False
4553,张海鸥,当代,251,False
4554,潘乐乐,当代,239,False
4555,林英男,当代,223,False
4556,章士钊,当代,198,False
4557,钟锦,当代,192,False
4561,石任之,当代,178,False
4564,钱之江,当代,157,False
4565,冯永军,当代,155,False
4567,裴涛,当代,140,False
4568,顾敏燕,当代,119,False
4571,黄克孙,当代,105,False
4572,张伯元,当代,104,False
4574,张恨水,当代,98,False
4576,李梦唐,当代,91,False
4580,杨雪窗,当代,88,False
4581,许白凤,当代,87,False
4583,王陈常,当代,83,False
4584,汪洋,当代,78,False
4586,刘梦芙,当代,71,False
4587,陈伟强,当代,67,False
4588,卢鸿基,当代,55,False
4591,汪茂荣,当代,51,False
4592,金问泗,当代,49,False
4593,姜军,当代,47,False
4594,张崇光,当代,47,False
4595,梁羽生,当代,43,False
4596,徐平,当代,38,False
4597,梅绍农,当代,36,False
4598,郭汉城,当代,35,False
4599,黄万里,当代,34,False
4600,刘季高,当代,33,False
4601,金庸,当代,32,False
4602,邵林,当代,31,False
4603,莫德光,当代,28,False
4604,尹文敬,当代,28,False
4605,徐英,当代,26,False
4606,陈从周,当代,25,False
4607,问云,当代,24,False
4608,曹菁,当代,23,False
4609,朱生豪,当代,21,False
4611,李汝伦,当代,20,False
4612,邹金灿,当代,20,False
4613,潘静淑,当代,20,False
4614,关振东,当代,19,False
4616,胡乔木,当代,18,False
4617,刘峻,当代,17,False
4618,王翼奇,当代,17,False
4619,陈述元,当代,15,False
4620,杨鸿章,当代,15,False
4621,雷履平,当代,15,False
4622,胡遐之,当代,14,False
4623,溥杰,当代,14,False
4624,邱及,当代,14,False
4625,李凌云,当代,13,False
4626,陈凡,当代,12,False
4627,柏杨,当代,12,False
4628,浦江清,当代,12,False
4629,宋景昌,当代,11,False
4630,陈伟,当代,10,False
4631,马千希,当代,10,False
4632,乐时鸣,当代,10,False
4633,尹鹗 六首,未知,3,False
4634,作者未详,周,2,True
4635,陶渊明,晋,284,True
4636,陆机,晋,156,True
4637,谢灵运,晋,156,True
4638,云林右英夫人,晋,47,True
4639,颜延之,南北朝,350,True
4640,陈叔宝,南北朝,859,True
4641,王佐（汝学,宋,618206,True
4642,谢朓,南北朝,326,True
4643,张正见,南北朝,142,True
4644,谢超宗,南北朝,34,True
4645,李咸用,唐,3183,True
4646,劉禹錫,唐,20876,True
4647,寒山,唐,959,True
4648,孟浩然,唐,3531,True
4649,杜审言,唐,1092,True
4650,無名氏,唐,712,True
4651,李昌符,唐,452,True
4652,朱庆余,唐,500,True
4653,庞藴,唐,333,True
4654,曹邺,唐,296,True
4655,聶夷中,唐,267,True
4656,盧仝,唐,137,True
4657,顾敻,唐,142,True
4658,孫光憲,唐,275,True
4659,章碣,唐,66,True
4660,释印肃,宋,15950,True
4661,岳珂,宋,1565,True
4662,赵崇嶓,宋,1162,True
4663,宋太宗,宋,834,True
4664,宋徽宗,宋,675,True
4665,熊东遨,宋,731,True
4666,邹元标,宋,558,True
4667,李至,宋,349,True
4668,宋高宗,宋,212,True
4669,金履详,宋,187,True
4670,张玉孃,宋,187,True
4671,赵必𤩪,宋,184,True
4672,黄人杰,宋,152,True
4673,晁逈,宋,116,True
4674,穆修,宋,98,True
4675,刘鑑,宋,63,True
4676,谭处端,元,1673,True
4677,关汉卿,元,4373,True
4678,陈镒,明,717,True
4679,高明《蔡伯喈琵琶记》,元,511,True
4680,柯丹邱《荆钗记》,元,1103,True
4681,侯善渊,元,355,True
4682,长筌子,元,239,True
4683,许谦,元,182,True
4684,胡长孺,元,46,True
4685,金幼孜,明,2212,True
4686,王彦泓,明,1909,True
4687,郭谏臣,明,775,True
4688,释今严,明,206,True
4689,玄烨,清,1593,True
4690,夏孙桐,清,670,True
4691,杨芸,清,148,True
4692,李宪乔,清,74,True
4693,钱钟书,近代,400,True
4694,孙保圻,近代,149,True
4695,熊盛元,当代,865,True
