id,name,dynasty,poem_count
0,诗经,周,305
1,王褒,周,134
2,屈原,周,52
3,刘向,周,21
4,王逸,周,20
5,孔子弟子及再传弟子,周,20
6,宋玉,周,4
7,贾谊,周,2
8,淮南小山,周,2
9,庄忌,周,2
10,景差,周,1
11,伯夷,周,1
12,荆轲,周,1
13,南海五仙人,周,1
14,曹植,汉,268
15,两汉乐府,汉,106
16,曹操,汉,50
17,东方朔,汉,19
18,[汉]古诗十九首,汉,19
19,李尤,汉,16
20,蔡邕,汉,12
21,班固,汉,12
22,秦嘉,汉,12
23,杨孚,汉,12
24,崔骃,汉,10
25,孔融,汉,7
26,刘彻,汉,7
27,蔡琰,汉,5
28,薛综,汉,5
29,司马相如,汉,4
30,汉伦,汉,4
31,唐菆,汉,4
32,仲长统,汉,4
33,梁鸿,汉,3
34,刘去,汉,3
35,傅毅,汉,3
36,郦炎,汉,3
37,刘邦,汉,2
38,赵壹,汉,2
39,四皓,汉,2
40,韦孟,汉,2
41,刘弗陵,汉,2
42,韦玄成,汉,2
43,侯瑾,汉,2
44,作者未详,汉,1
45,班婕妤,汉,1
46,王嫱,汉,1
47,刘细君,汉,1
48,朱穆,汉,1
49,宋子侯,汉,1
50,李延年,汉,1
51,辛延年,汉,1
52,项羽,汉,1
53,虞姬,汉,1
54,汉老,汉,1
55,汉臣,汉,1
56,戚夫人,汉,1
57,刘友,汉,1
58,枚乘,汉,1
59,刘安,汉,1
60,商丘成,汉,1
61,华容夫人,汉,1
62,李陵,汉,1
63,刘胥,汉,1
64,杨恽,汉,1
65,息夫躬,汉,1
66,马援,汉,1
67,杜笃,汉,1
68,刘苍,汉,1
69,刘騊駼,汉,1
70,石勋,汉,1
71,桓麟,汉,1
72,应季先,汉,1
73,仇靖,汉,1
74,刘辩,汉,1
75,唐姬,汉,1
76,赵岐,汉,1
77,郭苍,汉,1
78,高彪,汉,1
79,陶潜,晋,146
80,陶渊明,晋,138
81,傅玄,晋,130
82,陆机,晋,127
83,谢灵运,晋,114
84,阮籍,晋,101
85,郭璞,晋,62
86,曹丕,晋,60
87,张华,晋,58
88,嵇康,晋,53
89,陆云,晋,50
90,应璩,晋,38
91,王粲,晋,35
92,卢谌,晋,32
93,潘尼,晋,32
94,潘岳,晋,29
95,云林右英夫人,晋,29
96,刘桢,晋,28
97,杨羲,晋,26
98,庾阐,晋,24
99,曹毗,晋,23
100,支遁,晋,22
101,傅咸,晋,21
102,曹睿,晋,19
103,左思,晋,18
104,紫微王夫人,晋,18
105,湛方生,晋,17
106,张协,晋,16
107,阮瑀,晋,15
108,曹摅,晋,15
109,李颙,晋,13
110,张翼,晋,13
111,张翰,晋,13
112,徐干,晋,12
113,孙绰,晋,12
114,石崇,晋,10
115,司马彪,晋,10
116,夏侯湛,晋,10
117,王赞,晋,9
118,成公绥,晋,9
119,棘据,晋,9
120,郑丰,晋,9
121,王嘉,晋,9
122,孙楚,晋,8
123,繁钦,晋,8
124,许翙,晋,8
125,应玚,晋,7
126,袁宏,晋,7
127,束皙,晋,7
128,赵整,晋,7
129,挚虞,晋,6
130,王浚,晋,5
131,刘琨,晋,5
132,陈琳,晋,5
133,乐府,晋,5
134,嵇喜,晋,5
135,荀勖,晋,5
136,何劭,晋,5
137,谢混,晋,5
138,王齐之,晋,5
139,苏彦,晋,4
140,郭遐周,晋,4
141,董京,晋,4
142,嵇含,晋,4
143,牵秀,晋,4
144,闾丘冲,晋,4
145,王羲之,晋,4
146,王献之,晋,4
147,王彪之,晋,4
148,王珣,晋,4
149,顾恺之,晋,4
150,羊权,晋,4
151,左延年,晋,3
152,毌丘俭,晋,3
153,阮侃,晋,3
154,裴秀,晋,3
155,杜育,晋,3
156,棘腆,晋,3
157,棘嵩,晋,3
158,李充,晋,3
159,谢尚,晋,3
160,江回,晋,3
161,张望,晋,3
162,许询,晋,3
163,谢安,晋,3
164,谢道韫,晋,3
165,谢芳姿,晋,3
166,桓玄,晋,3
167,殷仲文,晋,3
168,陆冲,晋,3
169,袁山松,晋,2
170,麋元,晋,2
171,杜挚,晋,2
172,曹髦,晋,2
173,郭遐叔,晋,2
174,江伟,晋,2
175,程咸,晋,2
176,刘伶,晋,2
177,程晓,晋,2
178,应贞,晋,2
179,皇甫谧,晋,2
180,阮修,晋,2
181,郭愔,晋,2
182,梅陶,晋,2
183,王胡之,晋,2
184,孙放,晋,2
185,谢万,晋,2
186,孙统,晋,2
187,袁峤之,晋,2
188,王凝之,晋,2
189,王肃之,晋,2
190,王徽之,晋,2
191,王彬之,晋,2
192,徐丰之,晋,2
193,习凿齿,晋,2
194,苻朗,晋,2
195,羊徽,晋,2
196,王升之,晋,2
197,卞裕,晋,2
198,王康琚,晋,2
199,康僧渊,晋,2
200,竺昙林,晋,2
201,刘臻妻,晋,2
202,慧远,晋,1
203,甄皇后,晋,1
204,邯郸淳,晋,1
205,焦先,晋,1
206,吴质,晋,1
207,曹彪,晋,1
208,何晏,晋,1
209,韦诞,晋,1
210,仙道,晋,1
211,费祎,晋,1
212,张纯,晋,1
213,诸葛恪,晋,1
214,华核,晋,1
215,周昭,晋,1
216,孙皓,晋,1
217,司马懿,晋,1
218,何桢,晋,1
219,钟琰,晋,1
220,应亨,晋,1
221,阮种,晋,1
222,辛旷,晋,1
223,贾充,晋,1
224,王铨,晋,1
225,郭泰机,晋,1
226,周处,晋,1
227,邹湛,晋,1
228,阎赞,晋,1
229,夏侯冲,晋,1
230,绿珠,晋,1
231,翾风,晋,1
232,夏靖,晋,1
233,顾秘,晋,1
234,崔寔,晋,1
235,孙拯,晋,1
236,嵇绍,晋,1
237,左芬,晋,1
238,孙机,晋,1
239,苏伯玉妻,晋,1
240,干宝,晋,1
241,荀组,晋,1
242,王廙,晋,1
243,熊甫,晋,1
244,甄述,晋,1
245,朱德才,晋,1
246,温峤,晋,1
247,袁乔,晋,1
248,郗超,晋,1
249,孙嗣,晋,1
250,郗昙,晋,1
251,庾友,晋,1
252,庾蕴,晋,1
253,曹茂之,晋,1
254,华茂,晋,1
255,桓伟,晋,1
256,王玄之,晋,1
257,王涣之,晋,1
258,王蕴之,晋,1
259,王丰之,晋,1
260,魏滂,晋,1
261,虞说,晋,1
262,谢绎,晋,1
263,曹华,晋,1
264,司马曜,晋,1
265,殷头,晋,1
266,吴隐之,晋,1
267,刘程之,晋,1
268,王乔之,晋,1
269,陶琬之,晋,1
270,袁光,晋,1
271,刘恢,晋,1
272,何瑾,晋,1
273,陆彦声,晋,1
274,张奴,晋,1
275,刘道民,晋,1
276,包播,晋,1
277,马岌,晋,1
278,伏系之,晋,1
279,仲长敖,晋,1
280,殷融,晋,1
281,徐广,晋,1
282,王氏（刘和妻,晋,1
283,辛萧,晋,1
284,佛图澄,晋,1
285,鸠罗摩什,晋,1
286,释道安,晋,1
287,庐山诸沙弥,晋,1
288,史宗,晋,1
289,帛道猷,晋,1
290,竺僧度,晋,1
291,杨苕华,晋,1
292,释道宝,晋,1
293,竺法崇,晋,1
294,丁令威,晋,1
295,紫玉,晋,1
296,庐山夫人女婉,晋,1
297,陈阿登,晋,1
298,王敬伯,晋,1
299,刘妙容,晋,1
300,黄野人,晋,1
301,桓温,晋,1
302,庾肃之,晋,1
303,郭清,晋,1
304,孙康,晋,1
305,李皓,晋,1
306,庾信,南北朝,350
307,沈约,南北朝,304
308,萧纲,南北朝,300
309,鲍照,南北朝,221
310,谢朓,南北朝,189
311,吴均,南北朝,162
312,江淹,南北朝,144
313,萧绎,南北朝,129
314,何逊,南北朝,120
315,陈叔宝,南北朝,113
316,江总,南北朝,111
317,王融,南北朝,103
318,萧衍,南北朝,102
319,庾肩吾,南北朝,101
320,张正见,南北朝,97
321,刘孝绰,南北朝,66
322,刘孝威,南北朝,62
323,王筠,南北朝,58
324,颜延之,南北朝,46
325,徐陵,南北朝,43
326,谢惠连,南北朝,42
327,范云,南北朝,41
328,王僧孺,南北朝,39
329,张率,南北朝,36
330,阴铿,南北朝,34
331,萧统,南北朝,34
332,谢庄,南北朝,30
333,刘骏,南北朝,29
334,王韶之,南北朝,27
335,柳恽,南北朝,25
336,任昉,南北朝,24
337,江洪,南北朝,21
338,沈炯,南北朝,21
339,萧子显,南北朝,20
340,王台卿,南北朝,19
341,费昶,南北朝,19
342,何承天,南北朝,18
343,朱超,南北朝,17
344,萧悫,南北朝,17
345,殷淡,南北朝,17
346,陆厥,南北朝,17
347,谢超宗,南北朝,17
348,魏收,南北朝,17
349,虞羲,南北朝,15
350,汤惠休,南北朝,13
351,王俭,南北朝,13
352,刘义恭,南北朝,13
353,周弘正,南北朝,13
354,刘删,南北朝,12
355,萧子云,南北朝,12
356,沈满愿,南北朝,12
357,温子升,南北朝,12
358,鲍令晖,南北朝,11
359,丘迟,南北朝,11
360,刘缓,南北朝,11
361,刘孝仪,南北朝,11
362,顾野王,南北朝,11
363,邢邵,南北朝,10
364,吴迈远,南北朝,10
365,谢瞻,南北朝,10
366,刘铄,南北朝,10
367,陆倕,南北朝,10
368,萧子范,南北朝,10
369,萧察,南北朝,10
370,沈君攸,南北朝,10
371,释惠标,南北朝,10
372,袁淑,南北朝,9
373,刘遵,南北朝,9
374,鲍泉,南北朝,9
375,戴皓,南北朝,9
376,刘令娴,南北朝,9
377,王训,南北朝,8
378,徐勉,南北朝,8
379,萧纶,南北朝,8
380,伏知道,南北朝,8
381,释宝月,南北朝,7
382,颜之推,南北朝,7
383,周舍,南北朝,7
384,王金珠,南北朝,7
385,周子良,南北朝,7
386,释亡名,南北朝,7
387,王枢,南北朝,6
388,陶弘景,南北朝,6
389,范泰,南北朝,6
390,萧子良,南北朝,6
391,宗夬,南北朝,6
392,萧纪,南北朝,6
393,刘孝先,南北朝,6
394,陆琼,南北朝,6
395,祖孙登,南北朝,6
396,阮卓,南北朝,6
397,孔稚圭,南北朝,5
398,张融,南北朝,5
399,谢燮,南北朝,5
400,王叔之,南北朝,5
401,王僧达,南北朝,5
402,虞骞,南北朝,5
403,纪少瑜,南北朝,5
404,徐摛,南北朝,5
405,刘孝胜,南北朝,5
406,徐君茜,南北朝,5
407,常景,南北朝,5
408,阳休之,南北朝,5
409,萧总,南北朝,5
410,萧诠,南北朝,5
411,苏子卿,南北朝,5
412,车?,南北朝,4
413,刘邈,南北朝,4
414,伍辑之,南北朝,4
415,孔欣,南北朝,4
416,傅亮,南北朝,4
417,颜峻,南北朝,4
418,虞炎,南北朝,4
419,高爽,南北朝,4
420,周兴嗣,南北朝,4
421,徐悱,南北朝,4
422,陆罩,南北朝,4
423,萧琛,南北朝,4
424,到溉,南北朝,4
425,萧子晖,南北朝,4
426,姚翻,南北朝,4
427,释宝志,南北朝,4
428,高允,南北朝,4
429,郑道昭,南北朝,4
430,刘逖,南北朝,4
431,宗懔,南北朝,4
432,陈暄,南北朝,4
433,岑之敬,南北朝,4
434,何胥,南北朝,4
435,何处士,南北朝,4
436,刘义隆,南北朝,3
437,宗炳,南北朝,3
438,谢晦,南北朝,3
439,袁彖,南北朝,3
440,朱硕仙,南北朝,3
441,褚渊,南北朝,3
442,裴子野,南北朝,3
443,朱异,南北朝,3
444,张缵,南北朝,3
445,徐防,南北朝,3
446,邓铿,南北朝,3
447,刘氏（王淑英妻,南北朝,3
448,鹿悆,南北朝,3
449,高昂,南北朝,3
450,裴让之,南北朝,3
451,祖珽,南北朝,3
452,宇文毓,南北朝,3
453,周弘让,南北朝,3
454,傅縡,南北朝,3
455,陆瑜,南北朝,3
456,贺彻,南北朝,3
457,阳缙,南北朝,3
458,王瑳,南北朝,3
459,释洪偃,南北朝,3
460,牛弘等奉诏作,隋,69
461,杨广,隋,49
462,卢思道,隋,28
463,王胄,隋,24
464,薛道衡,隋,24
465,杨素,隋,23
466,虞世基,隋,16
467,辛德源,隋,11
468,孙万寿,隋,9
469,侯夫人,隋,9
470,丁六娘,隋,8
471,葛玄,隋,6
472,李德林,隋,6
473,诸葛颖,隋,6
474,魏澹,隋,5
475,柳䛒,隋,5
476,李巨仁,隋,5
477,王申礼,隋,4
478,何妥,隋,4
479,岑德润,隋,4
480,许善心,隋,4
481,马明生,隋,4
482,王翙,隋,3
483,崔仲方,隋,3
484,弘执恭,隋,3
485,释灵裕,隋,3
486,太真夫人,隋,3
487,扈谦,隋,3
488,李白,唐,2000
489,元稹,唐,2000
490,杜甫,唐,2000
491,白居易,唐,2000
492,齐己,唐,1692
493,刘禹锡,唐,1671
494,王建,唐,1643
495,杜牧,唐,1581
496,姚合,唐,1562
497,孟郊,唐,1546
498,贯休,唐,1538
499,皎然,唐,1428
500,皮日休,唐,1417
501,陆龟蒙,唐,1271
502,李商隐,唐,1204
503,方干,唐,1154
504,韦应物,唐,1151
505,罗隐,唐,1129
506,许浑,唐,1080
507,刘长卿,唐,1027
508,薛能,唐,1000
509,徐铉,唐,970
510,温庭筠,唐,967
511,钱起,唐,951
512,韩愈,唐,944
513,张籍,唐,943
514,李中,唐,925
515,徐夤,唐,903
516,劉禹錫,唐,865
517,不詳,唐,851
518,韦庄,唐,831
519,齊己,唐,822
520,寒山,唐,815
521,张祜,唐,814
522,王维,唐,800
523,贾岛,唐,781
524,权德舆,唐,781
525,岑参,唐,780
526,李端,唐,778
527,韩偓,唐,777
528,孟浩然,唐,755
529,貫休,唐,736
530,易静,唐,720
531,易靜,唐,720
532,张说,唐,709
533,王梵志,唐,709
534,皇甫冉,唐,708
535,司空图,唐,690
536,卢纶,唐,673
537,無名氏,唐,673
538,杜荀鹤,唐,668
539,吴融,唐,656
540,郑谷,唐,630
541,陸龜蒙,唐,627
542,柳宗元,唐,625
543,王翰,唐,625
544,李贺,唐,616
545,李商隱,唐,613
546,李咸用,唐,603
547,吕岩,唐,591
548,施肩吾,唐,585
549,韋應物,唐,579
550,戴叔伦,唐,557
551,高适,唐,545
552,武元衡,唐,542
553,張祜,唐,541
554,錢起,唐,541
555,李羣玉,唐,536
556,李洞,唐,534
557,沈佺期,唐,533
558,劉長卿,唐,526
559,許渾,唐,525
560,耿湋,唐,522
561,赵嘏,唐,516
562,羅隱,唐,513
563,李益,唐,500
564,顾况,唐,496
565,司空曙,唐,485
566,張籍,唐,482
567,储光羲,唐,477
568,[唐]御定全唐诗,唐,468
569,张乔,唐,461
570,宋之问,唐,448
571,曹唐,唐,444
572,张九龄,唐,441
573,鲍溶,唐,438
574,韓愈,唐,438
575,李德裕,唐,431
576,溫庭筠,唐,427
577,曹松,唐,426
578,黄滔,唐,422
579,賈島,唐,418
580,杜光庭,唐,413
581,司空圖,唐,413
582,岑參,唐,410
583,胡曾,唐,408
584,和凝,唐,401
585,張說,唐,398
586,王維,唐,396
587,戎昱,唐,387
588,李峤,唐,387
589,韋莊,唐,379
590,王昌龄,唐,378
591,唐彦谦,唐,377
592,雍陶,唐,367
593,杨巨源,唐,366
594,李涉,唐,363
595,李频,唐,353
596,盧綸,唐,350
597,權德輿,唐,349
598,陈陶,唐,347
599,李绅,唐,347
600,韓偓,唐,347
601,韩翃,唐,346
602,花蕊夫人徐氏,唐,345
603,杜荀鶴,唐,335
604,王勃,唐,334
605,鄭谷,唐,333
606,罗邺,唐,331
607,李山甫,唐,328
608,呂巖,唐,327
609,薛逢,唐,320
610,马戴,唐,318
611,戴叔倫,唐,310
612,徐鉉,唐,309
613,吳融,唐,306
614,李颀,唐,291
615,李賀,唐,290
616,李郢,唐,288
617,许棠,唐,283
618,趙嘏,唐,281
619,刘沧,唐,269
620,朱庆余,唐,268
621,高適,唐,266
622,刘得仁,唐,265
623,骆宾王,唐,263
624,顧況,唐,263
625,李群玉,唐,262
626,周昙,唐,261
627,徐凝,唐,256
628,元结,唐,249
629,刘兼,唐,245
630,段成式,唐,244
631,孙光宪,唐,238
632,郎士元,唐,235
633,牟融,唐,235
634,傅翕,唐,234
635,宋之問,唐,232
636,儲光羲,唐,232
637,刘商,唐,229
638,陈子昂,唐,228
639,吴筠,唐,226
640,卢仝,唐,223
641,李嶠,唐,223
642,卢照邻,唐,222
643,張九齡,唐,222
644,李建勋,唐,219
645,徐成,唐,218
646,王昌齡,唐,218
647,令狐楚,唐,217
648,鮑溶,唐,212
649,李頻,唐,211
650,黃滔,唐,209
651,李嘉佑,唐,208
652,苏颋,唐,205
653,庞藴,唐,205
654,龐藴,唐,205
655,太宗皇帝,唐,202
656,李珣,唐,201
657,唐彥謙,唐,200
658,吕温,唐,199
659,崔道融,唐,198
660,王周,唐,195
661,周曇,唐,195
662,羊士谔,唐,193
663,周贺,唐,190
664,居遁,唐,190
665,李嘉祐,唐,189
666,王涯,唐,187
667,冯延巳,唐,187
668,张蠙,唐,186
669,项斯,唐,185
670,崔涂,唐,184
671,王绩,唐,178
672,朱慶餘,唐,178
673,独孤及,唐,177
674,陳陶,唐,177
675,馬戴,唐,174
676,曹邺,唐,173
677,无可,唐,173
678,常建,唐,172
679,張喬,唐,171
680,韓翃,唐,169
681,楊巨源,唐,169
682,殷尧藩,唐,167
683,章孝标,唐,164
684,欧阳詹,唐,162
685,刘言史,唐,160
686,周朴,唐,158
687,羅鄴,唐,157
688,許棠,唐,156
689,汪遵,唐,155
690,李紳,唐,155
691,顾非熊,唐,150
692,王贞白,唐,146
693,劉得仁,唐,145
694,皇甫曾,唐,144
695,拾得,唐,144
696,薛涛,唐,143
697,李煜,唐,141
698,于鹄,唐,139
699,崔峒,唐,139
700,褚亮,唐,138
701,裴夷直,唐,138
702,罗虬,唐,137
703,駱賓王,唐,135
704,明皇帝,唐,134
705,于武陵,唐,134
706,严维,唐,134
707,李頎,唐,133
708,包佶,唐,132
709,陳子昂,唐,130
710,吳筠,唐,130
711,欧阳炯,唐,129
712,劉商,唐,129
713,庞蕴,唐,128
714,王績,唐,128
715,谭用之,唐,126
716,喻凫,唐,124
717,道世,唐,124
718,刘驾,唐,123
719,于濆,唐,121
720,李乂,唐,120
721,元結,唐,120
722,秦系,唐,119
723,孙逖,唐,119
724,盧照鄰,唐,119
725,杨衡,唐,117
726,陈羽,唐,117
727,毛熙震,唐,114
728,虞世南,唐,113
729,崔颢,唐,111
730,呂溫,唐,111
731,曹鄴,唐,111
732,张泌,唐,109
733,盧仝,唐,109
734,沈彬,唐,108
735,殷文圭,唐,107
736,張蠙,唐,107
737,羊士諤,唐,106
738,崔湜,唐,105
739,孙元晏,唐,105
740,鱼玄机,唐,105
741,蘇頲,唐,105
742,顾敻,唐,104
743,陈元光,唐,103
744,崔塗,唐,103
745,羅虬,唐,103
746,皇甫松,唐,102
747,劉滄,唐,102
748,李建勳,唐,102
749,毛文锡,唐,101
750,李世民,唐,101
751,無可,唐,101
752,項斯,唐,100
753,秦韬玉,唐,99
754,高蟾,唐,99
755,唐求,唐,97
756,牛峤,唐,96
757,周賀,唐,95
758,刘希夷,唐,94
759,钱珝,唐,94
760,裴说,唐,94
761,薛濤,唐,94
762,杜审言,唐,93
763,王希明,唐,92
764,裴度,唐,91
765,李翔,唐,91
766,延寿,唐,91
767,孫光憲,唐,91
768,延壽,唐,91
769,张继,唐,90
770,殷堯藩,唐,90
771,贾至,唐,89
772,崔国辅,唐,87
773,张仲素,唐,87
774,崔致远,唐,87
775,王貞白,唐,87
776,獨孤及,唐,86
777,崔橹,唐,85
778,李昌符,唐,85
779,李隆基,唐,85
780,崔致遠,唐,85
781,许敬宗,唐,84
782,姚鹄,唐,84
783,馮延巳,唐,84
784,雍裕之,唐,83
785,歐陽詹,唐,83
786,李远,唐,82
787,剋符道者,唐,82
788,劉言史,唐,82
789,聂夷中,唐,81
790,劉兼,唐,81
791,顧非熊,唐,80
792,张谓,唐,79
793,缺名,唐,79
794,于鵠,唐,79
795,熊孺登,唐,78
796,翁承赞,唐,78
797,裴迪,唐,78
798,章孝標,唐,78
799,孙鲂,唐,77
800,高骈,唐,77
801,魏承班,唐,77
802,萧颖士,唐,77
803,颜真卿,唐,76
804,郭震,唐,75
805,修睦,唐,75
806,孫元晏,唐,75
807,周繇,唐,74
808,张果,唐,74
809,劉駕,唐,74
810,储嗣宗,唐,73
811,祖咏,唐,73
812,嚴維,唐,73
813,錢珝,唐,73
814,徐彦伯,唐,72
815,朱放,唐,72
816,李廓,唐,72
817,良价,唐,72
818,上官昭容,唐,70
819,司马扎,唐,69
820,卢肇,唐,68
821,灵一,唐,68
822,陳羽,唐,68
823,喻鳧,唐,68
824,李华,唐,67
825,伍乔,唐,67
826,德诚,唐,67
827,杨凝,唐,66
828,邵谒,唐,66
829,杨炯,唐,65
830,楊衡,唐,65
831,孫逖,唐,65
832,李百药,唐,64
833,窦巩,唐,64
834,陆畅,唐,63
835,王仁裕,唐,62
836,晁采,唐,62
837,张鷟,唐,61
838,王初,唐,61
839,沈亚之,唐,61
840,崔珏,唐,61
841,文偃,唐,61
842,林宽,唐,59
843,孟贯,唐,59
844,李冶,唐,59
845,尚颜,唐,59
846,慧能,唐,59
847,張鷟,唐,59
848,苏拯,唐,57
849,清江,唐,57
850,卢象,唐,57
851,魏徵,唐,57
852,歐陽炯,唐,57
853,裴說,唐,57
854,李适,唐,56
855,崔顥,唐,56
856,顧敻,唐,56
857,魏征,唐,55
858,张南史,唐,55
859,高駢,唐,55
860,后主煜,唐,54
861,刘方平,唐,54
862,刘宪,唐,54
863,陶翰,唐,54
864,後主煜,唐,54
865,上官仪,唐,53
866,郑愔,唐,53
867,張果,唐,53
868,刘威,唐,52
869,喻坦之,唐,52
870,張繼,唐,52
871,刘叉,唐,51
872,任翻,唐,51
873,朱存,唐,51
874,張仲素,唐,51
875,陳元光,唐,51
876,魚玄機,唐,51
877,朱湾,唐,50
878,韩琮,唐,50
879,李九龄,唐,50
880,栖白,唐,50
881,劉希夷,唐,50
882,孟云卿,唐,49
883,董思恭,唐,49
884,窦常,唐,49
885,孟宾于,唐,49
886,崔國輔,唐,49
887,許敬宗,唐,49
888,则天皇后,唐,48
889,包何,唐,48
890,敦煌人作品[一],唐,48
891,則天皇后,唐,48
892,賈至,唐,48
893,崔融,唐,47
894,丁仙芝,唐,47
895,武平一,唐,47
896,郑巢,唐,47
897,詹敦仁,唐,47
898,朱庆馀,唐,47
899,武则天,唐,46
900,乔知之,唐,46
901,法振,唐,46
902,吕从庆,唐,46
903,契此,唐,46
904,杜審言,唐,46
905,張泌,唐,46
906,呂從慶,唐,46
907,崔日用,唐,45
908,杨师道,唐,45
909,翁洮,唐,45
910,义存,唐,45
911,義存,唐,45
912,来鹄,唐,44
913,景岑,唐,44
914,權德舆,唐,44
915,翁承贊,唐,44
916,韦渠牟,唐,43
917,崔液,唐,43
918,张碧,唐,43
919,朱景玄,唐,43
920,成彦雄,唐,43
921,崔曙,唐,43
922,聶夷中,唐,43
923,靈一,唐,43
924,張謂,唐,43
925,长孙佐辅,唐,42
926,窦牟,唐,42
927,窦庠,唐,42
928,子兰,唐,42
929,王棨,唐,42
930,丘丹,唐,41
931,廖融,唐,41
932,宝志,唐,41
933,綦毋潜,唐,41
934,孫魴,唐,41
935,儲嗣宗,唐,41
936,譚用之,唐,41
937,寶誌,唐,41
938,蕭穎士,唐,41
939,薛稷,唐,40
940,贺知章,唐,40
941,崔涯,唐,40
942,张贲,唐,40
943,广宣,唐,40
944,章碣,唐,40
945,秦韜玉,唐,40
946,竇鞏,唐,40
947,陸暢,唐,40
948,祖詠,唐,40
949,德誠,唐,40
950,张子容,唐,39
951,裴潾,唐,39
952,卢延让,唐,39
953,牛希济,唐,39
954,尹鹗,唐,39
955,赵冬曦,唐,39
956,白云仙人,唐,39
957,薛昭蕴,唐,39
958,楊凝,唐,39
959,牛嶠,唐,39
960,盧肇,唐,39
961,司馬扎,唐,39
962,邵謁,唐,39
963,白雲仙人,唐,39
964,张又新,唐,38
965,水神,唐,38
966,薛昭藴,唐,38
967,顾夐,唐,38
968,姚鵠,唐,38
969,虚中,唐,37
970,胡皓,唐,37
971,李邕,唐,37
972,徐彥伯,唐,37
973,李遠,唐,37
974,崔櫓,唐,37
975,柳中庸,唐,36
976,左偃,唐,36
977,灵澈,唐,36
978,王毂,唐,35
979,赵彦昭,唐,35
980,楊炯,唐,35
981,翁宏,唐,34
982,丘为,唐,34
983,李華,唐,34
984,李百藥,唐,34
985,僧贯休,唐,33
986,常衮,唐,33
987,王季友,唐,33
988,郑畋,唐,33
989,褚载,唐,33
990,元阳子,唐,33
991,僧貫休,唐,33
992,上官儀,唐,33
993,林寬,唐,33
994,顏真卿,唐,33
995,尚顏,唐,33
996,元陽子,唐,33
997,德宗皇帝,唐,32
998,李逢吉,唐,32
999,僧皎然,唐,32
1000,苏味道,唐,32
1001,许彬,唐,32
1002,陆希声,唐,32
1003,熊皎,唐,32
1004,韋渠牟,唐,32
1005,盧象,唐,32
1006,毛文錫,唐,32
1007,阎朝隐,唐,31
1008,畅当,唐,31
1009,武三思,唐,31
1010,清昼,唐,31
1011,道镜　善导,唐,31
1012,智闲,唐,31
1013,劉方平,唐,31
1014,孟貫,唐,31
1015,清晝,唐,31
1016,智閑,唐,31
1017,李舒,唐,30
1018,庄南杰,唐,30
1019,翁绶,唐,30
1020,杨凌,唐,30
1021,杨凭,唐,30
1022,文益,唐,30
1023,沈亞之,唐,30
1024,來鵠,唐,30
1025,李翱,唐,29
1026,杨发,唐,29
1027,李昭象,唐,29
1028,王涣,唐,29
1029,杨夔,唐,29
1030,可朋,唐,29
1031,卢僎,唐,29
1032,卢鸿一,唐,29
1033,張南史,唐,29
1034,韓琮,唐,29
1035,鄭巢,唐,29
1036,蘇拯,唐,29
1037,薛据,唐,28
1038,李赤,唐,28
1039,马怀素,唐,28
1040,幸夤逊,唐,28
1041,徐仲雅,唐,28
1042,阎选,唐,28
1043,鄭愔,唐,28
1044,劉叉,唐,28
1045,成彥雄,唐,28
1046,陈子良,唐,27
1047,蒋防,唐,27
1048,李敬方,唐,27
1049,孟迟,唐,27
1050,李玖,唐,27
1051,顾云,唐,27
1052,薛曜,唐,27
1053,于邺,唐,27
1054,许坚,唐,27
1055,王元,唐,27
1056,李泌,唐,27
1057,本寂,唐,27
1058,張又新,唐,27
1059,劉威,唐,27
1060,李暇,唐,26
1061,李嶷,唐,26
1062,章谒,唐,26
1063,孔德绍,唐,26
1064,郑遨,唐,26
1065,包融,唐,26
1066,浙东众诗人,唐,26
1067,劉憲,唐,26
1068,竇常,唐,26
1069,章謁,唐,26
1070,子蘭,唐,26
1071,綦毋潛,唐,26
1072,姚崇,唐,25
1073,郭元振,唐,25
1074,宗楚客,唐,25
1075,陈标,唐,25
1076,刘昭禹,唐,25
1077,卞震,唐,25
1078,张谔,唐,25
1079,殷济,唐,25
1080,楊師道,唐,25
1081,朱灣,唐,25
1082,李九齡,唐,25
1083,郎大家宋氏,唐,24
1084,薛奇童,唐,24
1085,窦叔向,唐,24
1086,张志和,唐,24
1087,崔元翰,唐,24
1088,李正封,唐,24
1089,王起,唐,24
1090,韦元旦,唐,24
1091,韦蟾,唐,24
1092,李沇,唐,24
1093,蒋贻恭,唐,24
1094,护国,唐,24
1095,嵩岳诸仙,唐,24
1096,鹿虔扆,唐,24
1097,梁锽,唐,24
1098,王叡,唐,23
1099,郑锡,唐,23
1100,窦羣,唐,23
1101,陈去疾,唐,23
1102,裴休,唐,23
1103,席豫,唐,23
1104,马云奇,唐,23
1105,杨行真人,唐,23
1106,菩提达摩,唐,23
1107,敦煌人作品,唐,23
1108,竇羣,唐,23
1109,楊行真人,唐,23
1110,菩提達摩,唐,23
1111,贺兰进明,唐,22
1112,薛存诚,唐,22
1113,潘咸,唐,22
1114,王铎,唐,22
1115,姚揆,唐,22
1116,王湾,唐,22
1117,徐安贞,唐,22
1118,钱镠,唐,22
1119,常察,唐,22
1120,喬知之,唐,22
1121,孟雲卿,唐,22
1122,陸希聲,唐,22
1123,伍喬,唐,22
1124,道鏡　善導,唐,22
1125,浙東衆詩人,唐,22
1126,牛僧孺,唐,21
1127,李约,唐,21
1128,姚系,唐,21
1129,于良史,唐,21
1130,卢殷,唐,21
1131,韦处厚,唐,21
1132,费冠卿,唐,21
1133,吴仁璧,唐,21
1134,江为,唐,21
1135,李浩,唐,21
1136,郏滂,唐,21
1137,張子容,唐,21
1138,賀知章,唐,21
1139,竇牟,唐,21
1140,竇庠,唐,21
1141,于鄴,唐,21
1142,靈澈,唐,21
1143,趙彥昭,唐,21
1144,郟滂,唐,21
1145,于邵,唐,20
1146,徐坚,唐,20
1147,李义府,唐,20
1148,张登,唐,20
1149,李渤,唐,20
1150,薛莹,唐,20
1151,岑羲,唐,20
1152,王嵒,唐,20
1153,廖凝,唐,20
1154,栖蟾,唐,20
1155,慕幽,唐,20
1156,伊用昌,唐,20
1157,蔡希寂,唐,20
1158,白元鉴,唐,20
1159,太宗皇帝李世民,唐,20
1160,長孫佐輔,唐,20
1161,楊凌,唐,20
1162,張碧,唐,20
1163,鄭畋,唐,20
1164,許彬,唐,20
1165,盧延讓,唐,20
1166,虛中,唐,20
1167,錢鏐,唐,20
1168,赵蕃,宋,2000
1169,宋祁,宋,2000
1170,梅尧臣,宋,2000
1171,司马光,宋,2000
1172,刘敞,宋,2000
1173,王安石,宋,2000
1174,苏轼,宋,2000
1175,苏辙,宋,2000
1176,郭祥正,宋,2000
1177,范成大,宋,2000
1178,杨万里,宋,2000
1179,朱熹,宋,2000
1180,楼钥,宋,2000
1181,韩淲,宋,2000
1182,刘克庄,宋,2000
1183,方岳,宋,2000
1184,陈造,宋,2000
1185,黄庭坚,宋,2000
1186,吕本中,宋,2000
1187,张耒,宋,2000
1188,周紫芝,宋,2000
1189,曹勋,宋,2000
1190,李纲,宋,2000
1191,王十朋,宋,2000
1192,陆游,宋,2000
1193,项安世,宋,2000
1194,释居简,宋,2000
1195,邵雍,宋,2000
1196,方回,宋,2000
1197,郊庙朝会歌辞,宋,2000
1198,刘攽,宋,2000
1199,释德洪,宋,2000
1200,释正觉,宋,1994
1201,欧阳修,宋,1989
1202,张镃,宋,1916
1203,白玉蟾,宋,1911
1204,韦骧,宋,1881
1205,吴芾,宋,1862
1206,彭汝砺,宋,1820
1207,魏了翁,宋,1802
1208,王之道,宋,1779
1209,洪咨夔,宋,1753
1210,许及之,宋,1734
1211,释文珦,宋,1661
1212,邹浩,宋,1600
1213,韩维,宋,1598
1214,曾丰,宋,1573
1215,释印肃,宋,1519
1216,虞俦,宋,1507
1217,晁说之,宋,1503
1218,喻良能,宋,1465
1219,文天祥,宋,1463
1220,周必大,宋,1442
1221,程公许,宋,1434
1222,舒岳祥,宋,1411
1223,王炎,宋,1404
1224,贺铸,宋,1390
1225,姜特立,宋,1387
1226,李弥逊,宋,1380
1227,释绍昙,宋,1372
1228,陈着,宋,1369
1229,李之仪,宋,1362
1230,宋庠,宋,1362
1231,李彭,宋,1353
1232,苏泂,宋,1342
1233,孔平仲,宋,1335
1234,强至,宋,1332
1235,文同,宋,1328
1236,洪适,宋,1321
1237,晁补之,宋,1303
1238,孙觌,宋,1302
1239,李曾伯,宋,1296
1240,葛胜仲,宋,1288
1241,陈师道,宋,1278
1242,董嗣杲,宋,1277
1243,林希逸,宋,1269
1244,程俱,宋,1269
1245,岳珂,宋,1260
1246,王洋,宋,1250
1247,仇远,宋,1242
1248,辛弃疾,宋,1229
1249,陈宓,宋,1219
1250,郭印,宋,1204
1251,韩琦,宋,1196
1252,李流谦,宋,1194
1253,徐积,宋,1158
1254,张嵲,宋,1157
1255,韩元吉,宋,1150
1256,赵抃,宋,1147
1257,陈普,宋,1146
1258,郑刚中,宋,1120
1259,刘子翚,宋,1114
1260,黄裳,宋,1112
1261,孔武仲,宋,1102
1262,史浩,宋,1086
1263,胡寅,宋,1078
1264,孙应时,宋,1072
1265,陈与义,宋,1062
1266,袁说友,宋,1056
1267,胡仲弓,宋,1043
1268,张孝祥,宋,1023
1269,苏颂,宋,1012
1270,曾几,宋,1007
1271,章甫,宋,991
1272,陆文圭,宋,990
1273,释道潜,宋,972
1274,秦观,宋,964
1275,李俊民,宋,964
1276,戴復古,宋,953
1277,张栻,宋,925
1278,周密,宋,924
1279,姚勉,宋,917
1280,元好问,宋,905
1281,李新,宋,901
1282,陈傅良,宋,890
1283,刘宰,宋,883
1284,释怀深,宋,872
1285,李光,宋,867
1286,释慧空,宋,864
1287,刘辰翁,宋,863
1288,何梦桂,宋,861
1289,王庭珪,宋,858
1290,李石,宋,857
1291,吴潜,宋,856
1292,王迈,宋,854
1293,方一夔,宋,853
1294,王令,宋,846
1295,薛季宣,宋,841
1296,杨亿,宋,835
1297,王质,宋,822
1298,释智愚,宋,814
1299,汪元量,宋,807
1300,王柏,宋,797
1301,曾巩,宋,794
1302,许景衡,宋,794
1303,李龏,宋,793
1304,刘弇,宋,773
1305,廖行之,宋,762
1306,陈著,宋,754
1307,朱松,宋,745
1308,李廌,宋,737
1309,文彦博,宋,735
1310,沈辽,宋,735
1311,杨公远,宋,734
1312,戴表元,宋,730
1313,卫宗武,宋,725
1314,赵秉文,宋,724
1315,叶适,宋,721
1316,毛滂,宋,718
1317,蔡襄,宋,717
1318,刘过,宋,717
1319,韩驹,宋,714
1320,胡宿,宋,704
1321,陈渊,宋,699
1322,李洪,宋,696
1323,吕陶,宋,696
1324,张元干,宋,694
1325,张侃,宋,681
1326,俞德邻,宋,680
1327,牟巘,宋,664
1328,王禹偁,宋,664
1329,魏野,宋,664
1330,郑獬,宋,662
1331,黄庚,宋,660
1332,萧立之,宋,659
1333,曹彦约,宋,653
1334,周孚,宋,653
1335,释智圆,宋,649
1336,范纯仁,宋,644
1337,释宗杲,宋,639
1338,华岳,宋,638
1339,释师范,宋,636
1340,华镇,宋,633
1341,释重显,宋,633
1342,吴则礼,宋,620
1343,释元肇,宋,610
1344,吕南公,宋,609
1345,饶节,宋,609
1346,刘一止,宋,606
1347,郑思肖,宋,594
1348,释绍嵩,宋,593
1349,郑清之,宋,591
1350,戴复古,宋,590
1351,朱翌,宋,590
1352,黄公度,宋,586
1353,汪藻,宋,585
1354,苏籀,宋,581
1355,李处权,宋,576
1356,沈与求,宋,567
1357,王庭圭,宋,566
1358,李觏,宋,561
1359,吴泳,宋,557
1360,赵鼎,宋,557
1361,徐瑞,宋,552
1362,朱淑真,宋,551
1363,陈杰,宋,550
1364,晏殊,宋,545
1365,唐庚,宋,545
1366,叶茵,宋,544
1367,释心月,宋,542
1368,李正民,宋,539
1369,苏过,宋,535
1370,冯时行,宋,534
1371,艾性夫,宋,529
1372,吴文英,宋,524
1373,钱时,宋,523
1374,宋太宗,宋,521
1375,谢逸,宋,520
1376,谢薖,宋,520
1377,陈允平,宋,518
1378,晏几道,宋,517
1379,林逋,宋,513
1380,丘葵,宋,511
1381,张方平,宋,505
1382,范仲淹,宋,498
1383,赵鼎臣,宋,498
1384,释慧远,宋,497
1385,夏竦,宋,493
1386,姜夔,宋,492
1387,林景熙,宋,492
1388,黎廷瑞,宋,488
1389,张纲,宋,487
1390,蒲寿宬,宋,484
1391,赵长卿,宋,482
1392,刘黻,宋,482
1393,张舜民,宋,481
1394,王安中,宋,480
1395,释行海,宋,480
1396,邓肃,宋,478
1397,陈藻,宋,477
1398,葛立方,宋,475
1399,释宝昙,宋,474
1400,冯山,宋,472
1401,陈文蔚,宋,471
1402,杜范,宋,470
1403,谢翱,宋,469
1404,杨冠卿,宋,468
1405,释清远,宋,467
1406,张扩,宋,461
1407,李復,宋,460
1408,米芾,宋,459
1409,晁公遡,宋,449
1410,寇准,宋,444
1411,许月卿,宋,438
1412,刘摰,宋,438
1413,王禹称,宋,438
1414,宋伯仁,宋,437
1415,蔡戡,宋,436
1416,周文璞,宋,435
1417,宋徽宗,宋,435
1418,汪莘,宋,434
1419,裘万顷,宋,428
1420,刘才邵,宋,427
1421,王珪,宋,425
1422,林同,宋,424
1423,张九成,宋,423
1424,刘学箕,宋,412
1425,仲并,宋,408
1426,张炎,宋,406
1427,薛嵎,宋,406
1428,毕仲游,宋,404
1429,陈棣,宋,400
1430,苏舜钦,宋,399
1431,徐照,宋,394
1432,陆佃,宋,394
1433,马廷鸾,宋,391
1434,杨时,宋,388
1435,李吕,宋,387
1436,徐钧,宋,387
1437,朱敦儒,宋,383
1438,宋无,宋,383
1439,叶梦得,宋,381
1440,柳永,宋,374
1441,徐鹿卿,宋,373
1442,阳枋,宋,373
1443,周邦彦,宋,370
1444,释崇岳,宋,369
1445,释祖钦,宋,368
1446,欧阳澈,宋,364
1447,王之望,宋,362
1448,释广闻,宋,362
1449,刘跂,宋,360
1450,曾协,宋,358
1451,陈淳,宋,356
1452,顾逢,宋,356
1453,释如净,宋,354
1454,王灼,宋,351
1455,王铚,宋,351
1456,杨杰,宋,351
1457,洪朋,宋,351
1458,释法熏,宋,344
1459,刘挚,宋,343
1460,彭龟年,宋,342
1461,范祖禹,宋,341
1462,汪炎昶,宋,337
1463,赵文,宋,336
1464,王镃,宋,334
1465,葛绍体,宋,333
1466,释惟一,宋,333
1467,洪刍,宋,332
1468,释智朋,宋,330
1469,王寂,宋,328
1470,张继先,宋,327
1471,于石,宋,326
1472,王阮,宋,325
1473,高斯得,宋,319
1474,王义山,宋,318
1475,朱继芳,宋,318
1476,周弼,宋,315
1477,袁燮,宋,315
1478,赵炅,宋,313
1479,李昴英,宋,312
1480,段成己,宋,311
1481,释慧开,宋,308
1482,晁公溯,宋,308
1483,方蒙仲,宋,307
1484,高翥,宋,304
1485,吴龙翰,宋,303
1486,邓深,宋,303
1487,周麟之,宋,303
1488,石介,宋,300
1489,晁冲之,宋,299
1490,释子淳,宋,299
1491,吴惟信,宋,297
1492,史弥宁,宋,296
1493,李复,宋,296
1494,舒亶,宋,295
1495,许棐,宋,295
1496,廖刚,宋,293
1497,范浚,宋,290
1498,罗公升,宋,290
1499,赵汝鐩,宋,288
1500,陶弼,宋,288
1501,敖陶孙,宋,287
1502,释了惠,宋,287
1503,陈襄,宋,287
1504,朱长文,宋,286
1505,释道璨,宋,286
1506,龚璛,宋,282
1507,张先,宋,279
1508,真德秀,宋,279
1509,周行己,宋,279
1510,释善珍,宋,277
1511,沈遘,宋,277
1512,高似孙,宋,275
1513,林季仲,宋,275
1514,员兴宗,宋,275
1515,程珌,宋,273
1516,杨简,宋,272
1517,赵希逢,宋,270
1518,徐玑,宋,269
1519,洪皓,宋,268
1520,陈舜俞,宋,267
1521,施枢,宋,266
1522,释梵琮,宋,266
1523,王圭,宋,266
1524,杨无咎,宋,264
1525,戴栩,宋,264
1526,连文凤,宋,263
1527,陈岩,宋,262
1528,赵彦端,宋,262
1529,张咏,宋,262
1530,度正,宋,261
1531,释普度,宋,261
1532,贾似道,宋,258
1533,黄庶,宋,258
1534,释可湘,宋,256
1535,蔡伸,宋,253
1536,向子諲,宋,251
1537,陈起,宋,250
1538,田锡,宋,250
1539,乐雷发,宋,247
1540,赵汝腾,宋,246
1541,石孝友,宋,245
1542,释月磵,宋,245
1543,释道宁,宋,244
1544,张守,宋,244
1545,祖无择,宋,243
1546,赵佶,宋,240
1547,赵师侠,宋,238
1548,释原妙,宋,238
1549,程垓,宋,237
1550,释如珙,宋,237
1551,林亦之,宋,236
1552,史尧弼,宋,235
1553,周南,宋,234
1554,释守卓,宋,234
1555,舒邦佐,宋,233
1556,严羽,宋,231
1557,傅察,宋,231
1558,赵师秀,宋,231
1559,释普济,宋,229
1560,释妙伦,宋,229
1561,丁谓,宋,227
1562,赵善括,宋,227
1563,晁端礼,宋,225
1564,陈深,宋,224
1565,王奕,宋,222
1566,张埴,宋,221
1567,张伯端,宋,219
1568,余靖,宋,219
1569,刘筠,宋,219
1570,李若水,宋,218
1571,葛长庚,宋,217
1572,陈克,宋,217
1573,释师观,宋,215
1574,袁甫,宋,210
1575,段克己,宋,209
1576,汪梦斗,宋,208
1577,胡宏,宋,208
1578,赵孟坚,宋,207
1579,宋白,宋,207
1580,释昙华,宋,207
1581,程洵,宋,207
1582,翁卷,宋,207
1583,徐元杰,宋,206
1584,释斯植,宋,206
1585,释道颜,宋,205
1586,李壁,宋,202
1587,吕渭老,宋,199
1588,赵湘,宋,198
1589,赵汝燧,宋,198
1590,释慧晖,宋,196
1591,吕祖谦,宋,194
1592,陈元晋,宋,194
1593,洪炎,宋,194
1594,释咸杰,宋,193
1595,陈亮,宋,192
1596,黄彦平,宋,191
1597,滕岑,宋,190
1598,张商英,宋,189
1599,释永颐,宋,189
1600,金君卿,宋,189
1601,郑侠,宋,189
1602,周端臣,宋,188
1603,家铉翁,宋,187
1604,俞桂,宋,187
1605,释大观,宋,186
1606,徐集孙,宋,185
1607,薛师石,宋,183
1608,胡铨,宋,183
1609,严粲,宋,183
1610,谢枋得,宋,182
1611,任希夷,宋,182
1612,释云岫,宋,182
1613,刘应时,宋,181
1614,曾极,宋,180
1615,吴锡畴,宋,180
1616,李至,宋,179
1617,真山民,宋,179
1618,蒋之奇,宋,178
1619,武衍,宋,177
1620,崔敦诗,宋,175
1621,张抡,宋,174
1622,释慧性,宋,173
1623,郭应祥,宋,172
1624,史铸,宋,172
1625,蔡肇,宋,172
1626,李昉,宋,170
1627,阮阅,宋,170
1628,李昭玘,宋,170
1629,慕容彦逢,宋,170
1630,方信孺,宋,169
1631,徐俯,宋,169
1632,陶梦桂,宋,169
1633,潘阆,宋,168
1634,史达祖,宋,167
1635,卢祖皋,宋,167
1636,张道洽,宋,166
1637,张伯玉,宋,166
1638,杨蟠,宋,166
1639,黄机,宋,165
1640,曾觌,宋,164
1641,陈楠,宋,163
1642,释子益,宋,162
1643,蒋捷,宋,160
1644,王同祖,宋,157
1645,方凤,宋,157
1646,李质,宋,156
1647,李清照,宋,156
1648,钱惟演,宋,155
1649,崔敦礼,宋,155
1650,包恢,宋,154
1651,赵崇嶓,宋,154
1652,葛天民,宋,152
1653,罗与之,宋,152
1654,陈郁,宋,151
1655,蔡松年,宋,151
1656,吕颐浩,宋,150
1657,朱槔,宋,149
1658,洪迈,宋,147
1659,利登,宋,146
1660,高观国,宋,144
1661,宋高宗,宋,144
1662,释法薰,宋,144
1663,王遂,宋,143
1664,马之纯,宋,142
1665,谌祜,宋,142
1666,袁去华,宋,141
1667,赵公豫,宋,141
1668,释普宁,宋,141
1669,张载,宋,140
1670,释月涧,宋,140
1671,陈瓘,宋,139
1672,吴儆,宋,139
1673,张炜,宋,139
1674,杨备,宋,139
1675,方千里,宋,138
1676,释道冲,宋,138
1677,潘牥,宋,137
1678,王仲修,宋,137
1679,释惠崇,宋,137
1680,綦崇礼,宋,137
1681,戴昺,宋,136
1682,释师体,宋,135
1683,张公庠,宋,135
1684,沈瀛,宋,134
1685,周彦质,宋,134
1686,徐经孙,宋,133
1687,汪应辰,宋,133
1688,释契嵩,宋,132
1689,释晓莹,宋,131
1690,杨泽民,宋,130
1691,徐侨,宋,130
1692,李龙高,宋,129
1693,王谌,宋,128
1694,毛珝,宋,128
1695,金朋说,宋,128
1696,杨奂,宋,128
1697,卫泾,宋,127
1698,金履详,宋,127
1699,尤袤,宋,124
1700,张尧同,宋,124
1701,胡仲参,宋,124
1702,赵友直,宋,124
1703,易士达,宋,123
1704,石延年,宋,122
1705,杜安世,宋,122
1706,释义青,宋,122
1707,释克勤,宋,122
1708,张榘,宋,121
1709,释法泰,宋,121
1710,释慧方,宋,120
1711,范镇,宋,119
1712,张玉孃,宋,119
1713,卢襄,宋,118
1714,释遵式,宋,117
1715,刘子寰,宋,116
1716,仲殊,宋,116
1717,熊禾,宋,115
1718,张明中,宋,115
1719,程颢,宋,115
1720,陈三聘,宋,114
1721,赵以夫,宋,114
1722,徐似道,宋,113
1723,释延寿,宋,113
1724,潘玙,宋,113
1725,曹冠,宋,112
1726,许尚,宋,112
1727,柴望,宋,111
1728,许应龙,宋,111
1729,王沂孙,宋,109
1730,林光朝,宋,109
1731,杨炎正,宋,108
1732,赵必𤩪,宋,108
1733,周昂,宋,108
1734,王千秋,宋,106
1735,释文礼,宋,106
1736,吴可,宋,106
1737,张至龙,宋,105
1738,白珽,宋,104
1739,孙嵩,宋,103
1740,丘崈,宋,102
1741,卢炳,宋,102
1742,侯置,宋,101
1743,苏庠,宋,101
1744,苏洵,宋,101
1745,释道昌,宋,100
1746,姚述尧2,宋,99
1747,释祖先,宋,98
1748,刘安上,宋,98
1749,陈德武,宋,97
1750,黄文雷,宋,97
1751,蒋堂,宋,97
1752,吕胜己,宋,96
1753,鲜于侁,宋,96
1754,程师孟,宋,95
1755,沈括,宋,94
1756,黄人杰,宋,94
1757,程大昌,宋,94
1758,释明辩,宋,93
1759,张矩,宋,93
1760,唐仲友,宋,93
1761,王安国,宋,92
1762,陈尧佐,宋,91
1763,郑樵,宋,91
1764,李处全,宋,90
1765,宇文虚中,宋,89
1766,陈长方,宋,88
1767,蔡沈,宋,88
1768,王随,宋,88
1769,左纬,宋,88
1770,李刘,宋,87
1771,管鉴,宋,87
1772,姚镛,宋,86
1773,沈说,宋,86
1774,释士珪,宋,86
1775,林宪,宋,85
1776,朱弁,宋,85
1777,刘迎,宋,85
1778,汪晫,宋,84
1779,陈鉴之,宋,84
1780,崔鶠,宋,84
1781,钱闻诗,宋,83
1782,杨皇后,宋,83
1783,黄榦,宋,82
1784,赵时韶,宋,82
1785,晁逈,宋,82
1786,林表民,宋,81
1787,释道济,宋,81
1788,张釜,宋,81
1789,林泳,宋,81
1790,罗椅,宋,80
1791,陈天麟,宋,80
1792,元绛,宋,79
1793,戴炳,宋,79
1794,康与之,宋,78
1795,刘埙,宋,77
1796,李师中,宋,76
1797,赵令畤,宋,76
1798,叶绍翁,宋,76
1799,林尚仁,宋,76
1800,邓忠臣,宋,76
1801,薛道光,宋,76
1802,赵必?,宋,76
1803,陈耆卿,宋,75
1804,赵葵,宋,75
1805,曾肇,宋,75
1806,曾惇,宋,75
1807,龙辅,宋,75
1808,党怀英,宋,75
1809,曹组,宋,74
1810,释鼎需,宋,74
1811,释普岩,宋,74
1812,沈端节,宋,73
1813,释宗演,宋,73
1814,郑会,宋,73
1815,唐士耻,宋,73
1816,熊鉌,宋,73
1817,王安礼,宋,72
1818,楼璹,宋,72
1819,詹初,宋,72
1820,喻汝砺,宋,72
1821,赵汝回,宋,71
1822,方逢辰,宋,71
1823,钱选,宋,71
1824,释清了,宋,71
1825,黄干,宋,71
1826,张良臣,宋,70
1827,京镗,宋,70
1828,姚孝锡,宋,70
1829,罗愿,宋,69
1830,赵希迈,宋,69
1831,高登,宋,69
1832,释云,宋,69
1833,释安永,宋,69
1834,赵汝绩,宋,69
1835,张弋,宋,69
1836,赵构,宋,68
1837,释祖可,宋,68
1838,释守珣,宋,68
1839,梅挚,宋,68
1840,释道行,宋,68
1841,王炎2,宋,66
1842,何耕,宋,66
1843,何应龙,宋,66
1844,崔与之,宋,65
1845,吴沆,宋,65
1846,张藴,宋,65
1847,陈必復,宋,65
1848,刘季孙,宋,65
1849,薛绍彭,宋,65
1850,吴激,宋,65
1851,柴元彪,宋,64
1852,潘良贵,宋,64
1853,林用中,宋,64
1854,赵崇鉘,宋,64
1855,李涛,宋,63
1856,王琪,宋,63
1857,方翥,宋,63
1858,释宝印,宋,63
1859,朱南杰,宋,63
1860,张辑,宋,62
1861,顾禧,宋,62
1862,龚开,宋,62
1863,王庭筠,宋,62
1864,李兼,宋,61
1865,释玿,宋,61
1866,卫博,宋,61
1867,陈东,宋,60
1868,郑起,宋,60
1869,释道枢,宋,60
1870,邹登龙,宋,60
1871,潘大临,宋,60
1872,金履祥,宋,60
1873,林正大,宋,59
1874,黄公绍,宋,59
1875,姚宽,宋,59
1876,释净端,宋,59
1877,夏元鼎,宋,58
1878,梁栋,宋,58
1879,释师一,宋,58
1880,释坚璧,宋,58
1881,陈景沂,宋,57
1882,邓剡,宋,57
1883,释从瑾,宋,57
1884,张俞,宋,57
1885,陈宗远,宋,57
1886,穆修,宋,57
1887,释昙贲,宋,57
1888,徐安国,宋,56
1889,马子严,宋,56
1890,释文准,宋,56
1891,游九言,宋,55
1892,李邴,宋,55
1893,林之奇,宋,55
1894,释德光,宋,55
1895,尹洙,宋,54
1896,李焘,宋,54
1897,吕胜已,宋,54
1898,王观,宋,53
1899,危稹,宋,53
1900,陈纪,宋,53
1901,王以宁,宋,53
1902,黄大受,宋,53
1903,刘子澄,宋,53
1904,宗泽,宋,53
1905,黄升,宋,52
1906,孙锐,宋,52
1907,赵希㯝,宋,52
1908,宋自逊,宋,51
1909,葛郯,宋,51
1910,赵戣,宋,51
1911,黄希旦,宋,51
1912,梅询,宋,51
1913,释咸静,宋,51
1914,释绍隆,宋,51
1915,密璹,宋,51
1916,蔡圭,宋,51
1917,何澹,宋,50
1918,谢伋,宋,50
1919,田况,宋,50
1920,萧澥,宋,50
1921,林昉,宋,50
1922,蔡京,宋,49
1923,释嗣宗,宋,49
1924,释道生,宋,49
1925,吴栻,宋,49
1926,释祖珍,宋,49
1927,王若虚,宋,49
1928,夏倪,宋,48
1929,庞谦孺,宋,48
1930,陈洵直,宋,48
1931,黄敏求,宋,48
1932,曾由基,宋,48
1933,王志道,宋,48
1934,葛起耕,宋,48
1935,释胜,宋,48
1936,吴渊,宋,47
1937,冯伯规,宋,47
1938,吕声之,宋,47
1939,释圆悟,宋,47
1940,边元鼎,宋,47
1941,释如本,宋,46
1942,陆九渊,宋,46
1943,沈继祖,宋,46
1944,毛直方,宋,46
1945,刘仙伦,宋,45
1946,陈人杰,宋,45
1947,周敦颐,宋,45
1948,杨巽斋,宋,45
1949,释道川,宋,45
1950,陈轩,宋,45
1951,丘崇,宋,45
1952,元德明,宋,45
1953,蒲宗孟,宋,44
1954,严仁,宋,44
1955,冯取洽,宋,44
1956,万俟绍之,宋,44
1957,董颖,宋,44
1958,释亮,宋,44
1959,刘仲尹,宋,44
1960,刘翰,宋,43
1961,毛并,宋,43
1962,刘植,宋,43
1963,蔡槃,宋,43
1964,赵元,宋,43
1965,陈抟,宋,42
1966,韩玉,宋,42
1967,萧廷之,宋,42
1968,巩丰,宋,42
1969,杨长孺,宋,42
1970,郑文宝,宋,42
1971,赵处澹,宋,42
1972,罗从彦,宋,42
1973,张斛,宋,42
1974,李缜,宋,41
1975,刘望之,宋,41
1976,万俟咏,宋,41
1977,富弼,宋,41
1978,区仕衡,宋,41
1979,翁森,宋,41
1980,李思衍,宋,41
1981,傅梦得,宋,41
1982,曹辅,宋,41
1983,杜衍,宋,41
1984,穆脩,宋,41
1985,杨徽之,宋,39
1986,郑域,宋,39
1987,向,宋,39
1988,曾季貍,宋,39
1989,宋孝宗,宋,39
1990,吕祖俭,宋,39
1991,杜耒,宋,39
1992,赵庚夫,宋,39
1993,王琮,宋,39
1994,艾可翁,宋,39
1995,钱易,宋,39
1996,释希昼,宋,39
1997,齐唐,宋,39
1998,米友仁,宋,38
1999,释了演,宋,38
2000,欧阳鈇,宋,38
2001,吕定,宋,38
2002,释藴常,宋,38
2003,闻人祥正,宋,38
2004,陈公辅,宋,38
2005,张澄,宋,38
2006,张蕴,宋,38
2007,王易简,宋,37
2008,储泳,宋,37
2009,赵企,宋,37
2010,释守浄,宋,37
2011,程敦厚,宋,37
2012,柴随亨,宋,37
2013,陈某,宋,37
2014,胡斗南,宋,37
2015,杨修,宋,37
2016,黄履,宋,37
2017,李公麟,宋,37
2018,王元粹,宋,37
2019,张,宋,36
2020,许将,宋,36
2021,张枢,宋,36
2022,范端臣,宋,36
2023,李建中,宋,36
2024,李叔与,宋,36
2025,何文季,宋,36
2026,孙岩,宋,36
2027,张士逊,宋,36
2028,楼异,宋,36
2029,释本才,宋,36
2030,高士谈,宋,36
2031,李堪,宋,35
2032,王诜,宋,35
2033,张景修,宋,35
2034,萧德藻,宋,35
2035,冯坦,宋,35
2036,宋京,宋,35
2037,曾布,宋,34
2038,刘泾,宋,34
2039,彭元逊,宋,34
2040,吕希纯,宋,34
2041,胡仔,宋,34
2042,邵棠,宋,34
2043,李商叟,宋,34
2044,何基,宋,34
2045,吴处厚,宋,34
2046,释洵,宋,34
2047,晁迥,宋,34
2048,刘从益,宋,34
2049,萧贡,宋,34
2050,麻九畴,宋,34
2051,蔡确,宋,33
2052,萧元之,宋,33
2053,刘将孙,宋,33
2054,倪偁,宋,33
2055,释法全,宋,33
2056,吴光,宋,33
2057,刘鑑,宋,33
2058,方逢振,宋,33
2059,许广渊,宋,33
2060,释了元,宋,33
2061,胡安国,宋,33
2062,雷渊,宋,33
2063,王操,宋,32
2064,陈亚,宋,32
2065,宋先生,宋,32
2066,卓田,宋,32
2067,曾纡,宋,32
2068,朱服,宋,32
2069,释了一,宋,32
2070,李长庚,宋,32
2071,潘柽,宋,32
2072,唐询,宋,32
2073,王大受,宋,32
2074,楼楚材,宋,32
2075,甘泳,宋,32
2076,释行瑛,宋,32
2077,耿南仲,宋,32
2078,史肃,宋,32
2079,俞紫芝,宋,31
2080,孙惟信,宋,31
2081,李彭老,宋,31
2082,张绍文,宋,31
2083,王梦应,宋,31
2084,黄叔达,宋,31
2085,折彦质,宋,31
2086,孙介,宋,31
2087,赵汝譡,宋,31
2088,钱昭度,宋,31
2089,释元净,宋,31
2090,彭秋宇,宋,31
2091,熊瑞,宋,31
2092,罗适,宋,31
2093,释显忠,宋,31
2094,孙何,宋,31
2095,章得象,宋,31
2096,侯寘,宋,31
2097,李纯甫,宋,31
2098,赵沨,宋,31
2099,赵善扛,宋,30
2100,翁元龙,宋,30
2101,章谦亨,宋,30
2102,吴势卿,宋,30
2103,刘鉴,宋,30
2104,释思岳,宋,30
2105,施宜生,宋,30
2106,释仲皎,宋,30
2107,王予可,宋,30
2108,陈谦,宋,30
2109,孙因,宋,30
2110,张衡,宋,30
2111,缪鑑,宋,30
2112,商倚,宋,30
2113,李乘,宋,30
2114,释冲邈,宋,30
2115,马定国,宋,30
2116,路铎,宋,30
2117,刘基,元,1730
2118,张昱,元,1073
2119,杨维桢,元,979
2120,耶律铸,元,911
2121,张翥,元,891
2122,萨都剌,元,886
2123,马钰,元,880
2124,凌云翰,元,872
2125,宋褧,元,820
2126,耶律楚材,元,818
2127,王冕,元,783
2128,关汉卿,元,766
2129,徐贲,元,679
2130,范梈,元,662
2131,叶颙,元,655
2132,王哲,元,635
2133,郭钰,元,631
2134,赵孟頫,元,606
2135,蓝仁,元,601
2136,成廷圭,元,587
2137,郑元祐,元,586
2138,吴当,元,574
2139,张羽,元,542
2140,张雨,元,538
2141,陈镒,元,521
2142,陶宗仪,元,509
2143,曹伯启,元,503
2144,黄溍,元,495
2145,王恽,元,481
2146,虞集,元,476
2147,许有壬,元,476
2148,马致远,元,416
2149,刘鹗,元,409
2150,李孝光,元,404
2151,黄玠,元,388
2152,高明《蔡伯喈琵琶记》,元,377
2153,丁鹤年,元,374
2154,周权,元,366
2155,刘诜,元,363
2156,白朴,元,359
2157,蓝智,元,359
2158,王实甫,元,358
2159,王祎,元,357
2160,唐桂芳,元,352
2161,袁桷,元,341
2162,柯丹邱《荆钗记》,元,340
2163,戴良,元,337
2164,周伯琦,元,333
2165,傅若金,元,328
2166,黄镇成,元,326
2167,陈孚,元,324
2168,丁复,元,323
2169,陈樵,元,319
2170,王逢,元,314
2171,陈谟,元,313
2172,郑光祖,元,311
2173,尹廷高,元,311
2174,周巽,元,309
2175,杨弘道,元,308
2176,张仲深,元,300
2177,马祖常,元,293
2178,谢应芳,元,286
2179,刘因,元,286
2180,卢琦,元,282
2181,柯九思,元,282
2182,倪瓒,元,281
2183,乃贤,元,280
2184,魏初,元,279
2185,施惠《幽闺记》,元,277
2186,徐田臣《杀狗记》,元,276
2187,何中,元,274
2188,梁寅,元,272
2189,廖大圭,元,272
2190,杨景贤,元,266
2191,周霆震,元,266
2192,侯善渊,元,259
2193,朱晞颜,元,254
2194,吴景奎,元,241
2195,郭翼,元,237
2196,张可久,元,224
2197,李延兴,元,224
2198,吴镇,元,219
2199,马臻,元,212
2200,郑延玉,元,211
2201,张宪,元,210
2202,刘唐卿《白兔记》,元,210
2203,揭傒斯,元,206
2204,李道纯,元,204
2205,贾仲明,元,202
2206,杨载,元,200
2207,贡师泰,元,198
2208,邵亨贞,元,197
2209,丘处机,元,197
2210,吕诚,元,195
2211,刘永之,元,193
2212,朱希晦,元,192
2213,宋濂,元,191
2214,岑安卿,元,190
2215,陈基,元,186
2216,高文秀,元,183
2217,乔吉,元,180
2218,郯韶,元,178
2219,冯子振,元,176
2220,吾丘衍,元,174
2221,顾瑛,元,173
2222,钱宰,元,173
2223,郝经,元,170
2224,尹志平,元,169
2225,柳贯,元,169
2226,张弘范,元,168
2227,王吉昌,元,168
2228,赵汸,元,167
2229,汤舜民,元,166
2230,胡天游,元,165
2231,贡奎,元,165
2232,姬翼,元,163
2233,金涓,元,162
2234,谭处端,元,158
2235,贡性之,元,155
2236,杨梓,元,151
2237,刘敏中,元,149
2238,吴师道,元,147
2239,王丹桂,元,146
2240,刘秉忠,元,142
2241,张养浩,元,139
2242,周砥,元,139
2243,陈旅,元,138
2244,吴莱,元,136
2245,陈高,元,135
2246,萧德祥《小孙屠》,元,134
2247,善住,元,130
2248,邓文原,元,127
2249,王士熙,元,126
2250,朱德润,元,126
2251,王行,元,126
2252,舒頔,元,120
2253,梵琦,元,119
2254,曹文晦,元,118
2255,陈宜甫,元,118
2256,陈泰,元,109
2257,石君宝,元,107
2258,谢宗可,元,106
2259,危素,元,106
2260,于立,元,104
2261,吴澄,元,103
2262,卢挚,元,102
2263,郭居敬,元,102
2264,杨允孚,元,101
2265,尚仲贤,元,100
2266,洪希文,元,97
2267,王处一,元,96
2268,黄清老,元,96
2269,贯云石,元,94
2270,余阙,元,94
2271,李士瞻,元,93
2272,宫天挺,元,92
2273,明本,元,92
2274,姚燧,元,89
2275,秦简夫,元,89
2276,洪焱祖,元,89
2277,李文蔚,元,87
2278,安熙,元,87
2279,王伯成,元,85
2280,袁易,元,84
2281,蒲道源,元,81
2282,曾瑞,元,81
2283,许恕,元,81
2284,欧阳玄,元,81
2285,张伯淳,元,80
2286,钱惟善,元,80
2287,陆仁,元,79
2288,许谦,元,77
2289,长筌子,元,76
2290,吴昌龄,元,74
2291,张之翰,元,74
2292,朱庭玉,元,70
2293,沈禧,元,68
2294,黄公望,元,68
2295,张玉娘,元,68
2296,张野,元,68
2297,程钜夫,元,68
2298,惟则,元,67
2299,吴克恭,元,66
2300,刘处玄,元,65
2301,许衡,元,65
2302,刘时中,元,64
2303,郑洪,元,63
2304,滕斌,元,63
2305,张天英,元,63
2306,大欣,元,62
2307,张国宾,元,61
2308,鲜于枢,元,59
2309,杨显之,元,59
2310,高明,元,59
2311,李齐贤,元,59
2312,程文海,元,58
2313,孔文卿,元,57
2314,武汉臣,元,57
2315,孟汉卿,元,57
2316,何景福,元,57
2317,胡助,元,57
2318,刘志渊,元,56
2319,谷子敬,元,55
2320,刘麟瑞,元,55
2321,周棐,元,55
2322,岳伯川,元,54
2323,清珙,元,54
2324,王祯,元,52
2325,杜仁杰,元,50
2326,王子一,元,50
2327,薛汉,元,50
2328,李存,元,50
2329,宗衍,元,50
2330,王佐,元,50
2331,李唐宾,元,49
2332,王晔,元,49
2333,刘庭信,元,47
2334,胡炳文,元,47
2335,狄君厚,元,46
2336,萧德祥,元,46
2337,王彝,元,46
2338,费唐臣,元,45
2339,罗贯中,元,45
2340,揭祐民,元,45
2341,纪君祥,元,44
2342,袁士元,元,44
2343,曹之谦,元,44
2344,郑允端,元,44
2345,潘伯脩,元,44
2346,李好古,元,43
2347,史九散人,元,43
2348,行端,元,43
2349,任士林,元,43
2350,雅琥,元,42
2351,彭炳,元,42
2352,吴全节,元,42
2353,李直夫,元,41
2354,张寿卿,元,41
2355,陈秀民,元,41
2356,金仁杰,元,40
2357,黎伯元,元,39
2358,黄复圭,元,39
2359,张简,元,38
2360,戴善甫,元,38
2361,李行甫,元,38
2362,刘君锡,元,38
2363,陈栎,元,38
2364,姚文奂,元,38
2365,陈方,元,38
2366,邓玉宾,元,37
2367,李寿卿,元,37
2368,王玠,元,36
2369,刘唐卿,元,36
2370,赵雍,元,36
2371,方行,元,36
2372,华幼武,元,36
2373,元淮,元,35
2374,周驰,元,35
2375,麻革,元,35
2376,薛昂夫,元,34
2377,石子章,元,34
2378,潘纯,元,34
2379,郑东,元,34
2380,无愠,元,34
2381,刘涣,元,33
2382,孙仲章,元,33
2383,王仲文,元,33
2384,康进之,元,32
2385,许有孚,元,32
2386,王氏,元,31
2387,李序,元,31
2388,李致远,元,31
2389,王旭,元,31
2390,郭天锡,元,31
2391,高茂卿,元,30
2392,周文质,元,30
2393,朱凯,元,30
2394,顾盟,元,30
2395,薛玄曦,元,30
2396,王仲元,元,29
2397,吴存,元,29
2398,汪珍,元,29
2399,李瓒,元,29
2400,陈庚,元,28
2401,陈肃,元,28
2402,徐再思,元,28
2403,汪泽民,元,28
2404,张端,元,28
2405,至仁,元,28
2406,房皞,元,28
2407,刘跃,元,28
2408,张氏,元,27
2409,吴仁卿,元,27
2410,周德清,元,27
2411,杜本,元,27
2412,泰不华,元,27
2413,何失,元,27
2414,郑玉,元,26
2415,兰楚芳,元,26
2416,宋方壶,元,26
2417,孙季昌,元,26
2418,宋本,元,26
2419,高克恭,元,26
2420,高道宽,元,26
2421,姚公枢,元,26
2422,王都中,元,26
2423,王艮,元,26
2424,罗蒙正,元,26
2425,韩性,元,25
2426,卢亘,元,25
2427,项炯,元,25
2428,李元圭,元,25
2429,陈赓,元,24
2430,吕止庵,元,24
2431,山主,元,24
2432,马熙,元,24
2433,冯尊师,元,24
2434,杨敬德,元,24
2435,卞思义,元,23
2436,胡祗遹,元,23
2437,释英,元,23
2438,甘立,元,23
2439,林泉生,元,22
2440,许桢,元,22
2441,牧常晁,元,22
2442,舒逊,元,22
2443,王璋,元,22
2444,李溥光,元,22
2445,宇文公谅,元,22
2446,邾经,元,22
2447,孙叔顺,元,21
2448,文质,元,21
2449,孙蕙兰,元,21
2450,陈雷,元,21
2451,瞿智,元,21
2452,赵彦晖,元,20
2453,王德信,元,20
2454,李真人,元,20
2455,李穆,元,19
2456,张鸣善,元,19
2457,沈右,元,19
2458,王磐,元,19
2459,胡长孺,元,19
2460,聂古柏,元,19
2461,吴志淳,元,19
2462,刘仁本,元,19
2463,白贲,元,18
2464,赵善庆,元,18
2465,詹时雨,元,18
2466,杨云鹏,元,18
2467,杨翮,元,18
2468,圆至,元,18
2469,胡用和,元,17
2470,庾吉甫,元,17
2471,睢景臣,元,17
2472,侯正卿,元,17
2473,方澜,元,17
2474,黄石翁,元,17
2475,张起岩,元,17
2476,王鉴,元,16
2477,钟嗣成,元,16
2478,任昱,元,16
2479,王大学士,元,16
2480,王和卿,元,16
2481,钱霖,元,16
2482,荆干臣,元,16
2483,陈德永,元,16
2484,王畛,元,16
2485,潘音,元,16
2486,张宇,元,16
2487,屠性,元,16
2488,陆友,元,16
2489,祖柏,元,16
2490,李隼,元,16
2491,徐舫,元,16
2492,昂吉,元,16
2493,顾德润,元,15
2494,高安道,元,15
2495,契玉立,元,15
2496,吕思诚,元,15
2497,陆居仁,元,15
2498,张渥,元,15
2499,元明善,元,15
2500,伯颜（子中,元,15
2501,王畦,元,15
2502,黎崱,元,15
2503,甘复,元,15
2504,刘崧,明,2000
2505,陈献章,明,2000
2506,王世贞,明,2000
2507,李梦阳,明,2000
2508,郭之奇,明,2000
2509,欧大任,明,2000
2510,胡应麟,明,2000
2511,顾璘,明,2000
2512,程敏政,明,2000
2513,杨士奇,明,2000
2514,胡奎,明,2000
2515,卢龙云,明,2000
2516,邓云霄,明,2000
2517,陈恭尹,明,2000
2518,屈大均,明,2000
2519,袁宏道,明,1913
2520,张萱,明,1893
2521,释函是,明,1891
2522,成鹫,明,1878
2523,孙承恩,明,1844
2524,徐熥,明,1805
2525,邵宝,明,1786
2526,顾清,明,1783
2527,区大相,明,1783
2528,何景明,明,1770
2529,湛若水,明,1767
2530,黎民表,明,1760
2531,徐渭,明,1707
2532,边贡,明,1676
2533,杨慎,明,1671
2534,王夫之,明,1670
2535,李攀龙,明,1665
2536,释函可,明,1636
2537,林光,明,1622
2538,陆深,明,1576
2539,吴与弼,明,1541
2540,于慎行,明,1525
2541,薛瑄,明,1489
2542,李之世,明,1485
2543,释今无,明,1483
2544,黄衷,明,1409
2545,李孙宸,明,1403
2546,王恭,明,1393
2547,朱诚泳,明,1392
2548,佘翔,明,1367
2549,谢榛,明,1299
2550,江源,明,1292
2551,严嵩,明,1287
2552,张宁,明,1264
2553,庄昶,明,1246
2554,郑善夫,明,1189
2555,黄佐,明,1126
2556,张弼,明,1113
2557,沈周,明,1093
2558,陈琏,明,1060
2559,张元凯,明,1048
2560,黄省曾,明,1028
2561,陈子升,明,1013
2562,王彦泓,明,1003
2563,何吾驺,明,988
2564,王鏊,明,954
2565,陶安,明,948
2566,郑真,明,928
2567,文徵明,明,915
2568,高启,明,910
2569,王渐逵,明,909
2570,宗臣,明,883
2571,霍与瑕,明,883
2572,符锡,明,860
2573,李昌祺,明,841
2574,孙蕡,明,821
2575,金幼孜,明,819
2576,李云龙,明,802
2577,欧必元,明,799
2578,韩雍,明,798
2579,石宝,明,793
2580,苏葵,明,788
2581,林大春,明,774
2582,庞嵩,明,742
2583,黄仲昭,明,742
2584,祝允明,明,735
2585,郭谏臣,明,726
2586,王廷陈,明,725
2587,王绂,明,711
2588,薛蕙,明,711
2589,王立道,明,695
2590,钟芳,明,693
2591,胡俨,明,689
2592,谢迁,明,680
2593,区越,明,679
2594,黄廷用,明,678
2595,郑学醇,明,671
2596,唐顺之,明,665
2597,黎遂球,明,664
2598,王守仁,明,652
2599,董其昌,明,649
2600,贝琼,明,645
2601,曹义,明,645
2602,何绛,明,641
2603,史鉴,明,640
2604,林熙春,明,637
2605,杨巍,明,634
2606,袁华,明,616
2607,倪谦,明,607
2608,李东阳,明,605
2609,童轩,明,598
2610,张煌言,明,595
2611,祁顺,明,595
2612,尹台,明,592
2613,赵完璧,明,590
2614,王弘诲,明,589
2615,张天赋,明,589
2616,王汝玉,明,587
2617,罗钦顺,明,583
2618,韩日缵,明,582
2619,汪广洋,明,579
2620,黄公辅,明,579
2621,林鸿,明,578
2622,陶益,明,574
2623,邓林,明,573
2624,孙一元,明,561
2625,区元晋,明,561
2626,倪岳,明,558
2627,徐庸,明,554
2628,谢晋,明,553
2629,邓雅,明,546
2630,韩上桂,明,545
2631,伍瑞隆,明,533
2632,董纪,明,532
2633,李英,明,524
2634,王称,明,521
2635,孙继皋,明,517
2636,杨爵,明,512
2637,李昱,明,511
2638,唐之淳,明,510
2639,陈子壮,明,509
2640,沈鍊,明,506
2641,张以宁,明,503
2642,潘希曾,明,499
2643,何巩道,明,498
2644,林俊,明,493
2645,释宗泐,明,485
2646,唐文凤,明,480
2647,杨荣,明,478
2648,梁清标,明,470
2649,方孝孺,明,458
2650,周瑛,明,457
2651,王缜,明,457
2652,张吉,明,453
2653,凌义渠,明,452
2654,于谦,明,443
2655,王邦畿,明,440
2656,何乔新,明,436
2657,解缙,明,432
2658,童冀,明,432
2659,林弼,明,424
2660,张诩,明,424
2661,邱云霄,明,422
2662,胡直,明,422
2663,庞尚鹏,明,418
2664,李流芳,明,417
2665,史谨,明,416
2666,曹于汴,明,416
2667,尤侗,明,415
2668,黄淮,明,414
2669,夏言,明,413
2670,谢肃,明,411
2671,王佐（汝学,明,408
2672,苏仲,明,408
2673,唐寅,明,404
2674,林大钦,明,400
2675,范景文,明,394
2676,张穆,明,392
2677,孙传庭,明,391
2678,沈守正,明,381
2679,吴俨,明,380
2680,宋登春,明,375
2681,梁以壮,明,374
2682,李时行,明,373
2683,叶春及,明,371
2684,杨基,明,367
2685,管讷,明,363
2686,黎景义,明,359
2687,李贤（原德,明,358
2688,卢楠,明,356
2689,乌斯道,明,351
2690,郑岳,明,351
2691,邹元标,明,350
2692,黎贞,明,348
2693,陈邦彦,明,348
2694,龚诩,明,341
2695,罗伦,明,338
2696,夏良胜,明,336
2697,朱朴,明,334
2698,区怀瑞,明,331
2699,虞堪,明,330
2700,王洪,明,328
2701,谢元汴,明,327
2702,倪元璐,明,322
2703,丘浚,明,314
2704,卢宁,明,310
2705,陈繗,明,307
2706,袁凯,明,306
2707,程本立,明,305
2708,罗亨信,明,304
2709,钱谦益,明,302
2710,殷奎,明,297
2711,韩邦奇,明,296
2712,吴琏,明,296
2713,区怀年,明,295
2714,袁宗道,明,294
2715,郑文康,明,292
2716,龚鼎孳,明,291
2717,曹溶,明,291
2718,申佳允,明,289
2719,李江,明,289
2720,孙绪,明,283
2721,夏原吉,明,282
2722,邝露,明,282
2723,余继登,明,279
2724,杨起元,明,279
2725,吴宽,明,275
2726,戚继光,明,274
2727,梁有誉,明,272
2728,朱浙,明,266
2729,薛始亨,明,265
2730,王绅,明,262
2731,张羽（凤举,明,261
2732,谢与思,明,258
2733,徐祯卿,明,256
2734,罗玘,明,254
2735,温纯,明,254
2736,程嘉燧,明,251
2737,释妙声,明,250
2738,王稚登,明,249
2739,郭奎,明,249
2740,吴伟业,明,248
2741,方献夫,明,244
2742,张嗣纲,明,243
2743,刘炳,明,242
2744,程通,明,241
2745,朱同,明,240
2746,梁兰,明,240
2747,岑徵,明,239
2748,李舜臣,明,236
2749,罗万杰,明,236
2750,陈霆,明,236
2751,沈谦,明,231
2752,刘麟,明,220
2753,俞彦,明,220
2754,康海,明,218
2755,高濂,明,218
2756,陈履,明,217
2757,郑潜,明,214
2758,张子翼,明,212
2759,徐溥,明,207
2760,张家玉,明,203
2761,霍韬,明,203
2762,周是修,明,202
2763,沈宜修,明,200
2764,陈䞇,明,197
2765,郭棐,明,196
2766,储巏,明,195
2767,岳正,明,195
2768,魏学洢,明,194
2769,王廷相,明,191
2770,皇甫汸,明,190
2771,德祥,明,179
2772,刘璟,明,177
2773,李贽,明,177
2774,梁宪,明,175
2775,许相卿,明,172
2776,梁储,明,171
2777,龚敩,明,167
2778,郭辅畿,明,166
2779,饶与龄,明,166
2780,周伦,明,166
2781,高攀龙,明,163
2782,李时勉,明,161
2783,周宪王,明,160
2784,何瑭,明,160
2785,王叔承,明,151
2786,汤显祖,明,150
2787,沈明臣,明,144
2788,李裕,明,143
2789,谢廷柱,明,141
2790,邹智,明,139
2791,王应斗,明,139
2792,苏升,明,138
2793,朱元璋,明,137
2794,林文俊,明,136
2795,杨旦,明,136
2796,张泰,明,135
2797,纪坤,明,135
2798,梁元柱,明,135
2799,王宠,明,134
2800,归有光,明,134
2801,梁维栋,明,134
2802,鲁铎,明,133
2803,陈仁锡,明,132
2804,彭日贞,明,132
2805,谢承举,明,131
2806,蔡羽,明,131
2807,陈吾德,明,131
2808,陈是集,明,131
2809,安希范,明,127
2810,何其伟,明,127
2811,释今沼,明,127
2812,文彭,明,126
2813,桑悦,明,126
2814,陈洪谟,明,126
2815,饶相,明,125
2816,梁朝钟,明,125
2817,黄锦,明,123
2818,吴兆,明,122
2819,唐时升,明,122
2820,柯潜,明,121
2821,胡居仁,明,121
2822,王越,明,120
2823,许炯,明,119
2824,孟洋,明,118
2825,刘宗周,明,118
2826,王天性,明,118
2827,朱应登,明,117
2828,田登,明,117
2829,张宇初,明,116
2830,卢若腾,明,116
2831,唐伯元,明,115
2832,守仁,明,114
2833,高叔嗣,明,113
2834,王云凤,明,113
2835,来复,明,112
2836,释今严,明,112
2837,刘泰,明,111
2838,王履,明,109
2839,许国佐,明,109
2840,叶小鸾,明,108
2841,章懋,明,108
2842,李孔修,明,108
2843,杨继盛,明,107
2844,宋讷,明,106
2845,吴伯宗,明,105
2846,刘琏,明,105
2847,徐石麒,明,105
2848,王跂,明,104
2849,蒋冕,明,104
2850,施闰章,明,104
2851,谢复,明,102
2852,张岳,明,101
2853,袁中道,明,100
2854,翁万达,明,100
2855,毕自严,明,100
2856,谢铎,明,98
2857,傅汝舟,明,97
2858,王弼,明,97
2859,王樵,明,95
2860,陈颢,明,94
2861,曹学佺,明,94
2862,区大枢,明,94
2863,张家珍,明,94
2864,许天锡,明,92
2865,汤珍,明,92
2866,张国维,明,92
2867,屈士煌,明,92
2868,屠侨,明,91
2869,林廷选,明,90
2870,王问,明,89
2871,练子宁,明,89
2872,欧阳建,明,89
2873,林廷玉,明,89
2874,吴鼎芳,明,88
2875,费宏,明,88
2876,曾仕鉴,明,88
2877,朱升,明,87
2878,张时彻,明,85
2879,范汭,明,85
2880,李坚（贞夫,明,84
2881,谢士元,明,83
2882,杨光溥,明,83
2883,许继,明,82
2884,黄哲,明,81
2885,樊阜,明,81
2886,王希文,明,81
2887,陈烓,明,81
2888,莫止,明,79
2889,任环,明,78
2890,王微,明,77
2891,顾允成,明,77
2892,欧主遇,明,77
2893,屠隆,明,76
2894,何南凤,明,76
2895,瞿佑,明,75
2896,李之标,明,75
2897,王鸣雷,明,75
2898,居节,明,74
2899,刘溥,明,74
2900,贺一弘,明,74
2901,贺钦,明,74
2902,宁献王,明,73
2903,傅圭,明,73
2904,陈昂,明,72
2905,蔡清,明,72
2906,王九思,明,72
2907,郭登,明,72
2908,郑鹏,明,72
2909,赵迪,明,70
2910,郑廷鹄,明,70
2911,吕㦂,明,70
2912,葛一龙,明,69
2913,尹耕,明,69
2914,杨循吉,明,69
2915,蒋主孝,明,69
2916,姚广孝,明,69
2917,陈堂,明,69
2918,朱多炡,明,69
2919,王醇,明,68
2920,叶元玉,明,68
2921,陈达,明,68
2922,吴希贤,明,68
2923,韩奕,明,67
2924,左国玑,明,67
2925,韩殷,明,67
2926,杨守阯,明,67
2927,刘绩,明,66
2928,魏观,明,66
2929,陈绍文,明,66
2930,夏完淳,明,65
2931,景翩翩,明,65
2932,魏时敏,明,64
2933,姚绶,明,64
2934,高柄,明,64
2935,陈煇,明,64
2936,皇甫涍,明,63
2937,杭淮,明,63
2938,李德,明,63
2939,李学一,明,63
2940,蒋山卿,明,62
2941,朱之蕃,明,62
2942,施渐,明,62
2943,谢一夔,明,62
2944,吴梦旸,明,61
2945,杨廉,明,60
2946,高拱,明,60
2947,陈政,明,59
2948,林景清,明,59
2949,黄渊,明,59
2950,朱谋㬜,明,59
2951,冯琦,明,58
2952,文嘉,明,58
2953,陶望龄,明,58
2954,殷云霄,明,58
2955,朱纯,明,58
2956,黎彭龄,明,58
2957,黄渊耀,明,58
2958,林环,明,57
2959,陈昌,明,57
2960,林廷㭿,明,57
2961,陈鹤,明,56
2962,朱曰藩,明,56
2963,黄姬水,明,56
2964,徐贯,明,56
2965,商景兰,明,56
2966,陈第,明,55
2967,陆粲,明,55
2968,陈汝言,明,55
2969,叶纨纨,明,55
2970,何维柏,明,55
2971,陈克侯,明,55
2972,黎彭祖,明,55
2973,吴宣,明,55
2974,张掞,明,54
2975,王以悟,明,54
2976,李濂,明,54
2977,蔡汝楠,明,54
2978,朱谏,明,54
2979,宋应星,明,54
2980,陈㷆,明,54
2981,唐璧,明,53
2982,刘祖满,明,53
2983,德清,明,53
2984,陈枨,明,53
2985,胡翰,明,52
2986,熊卓,明,52
2987,孙作,明,52
2988,苏伯衡,明,52
2989,张孟兼,明,52
2990,陈一松,明,52
2991,谢长文,明,51
2992,顾应祥,明,51
2993,林瀚,明,51
2994,卢象升,明,50
2995,李蓘,明,50
2996,马治,明,50
2997,徐勃,明,49
2998,娄坚,明,49
2999,唐胄,明,49
3000,萧光绪,明,49
3001,范嵩,明,49
3002,孙伟,明,49
3003,吴国伦,明,48
3004,黄辉,明,48
3005,陈圭,明,48
3006,萧显,明,48
3007,吴孺子,明,47
3008,何良俊,明,47
3009,屠滽,明,47
3010,浦源,明,47
3011,黎民怀,明,47
3012,陈炜,明,46
3013,俞允文,明,46
3014,区大伦,明,46
3015,释大香,明,46
3016,洪恩,明,46
3017,陈琛,明,46
3018,刘珝,明,46
3019,薛侃,明,45
3020,张元祯,明,45
3021,黄克晦,明,44
3022,岳岱,明,44
3023,黄瑜,明,44
3024,郑关,明,44
3025,朱瞻基,明,44
3026,姚光虞,明,44
3027,佘光裕,明,44
3028,李良柱,明,44
3029,李畅,明,44
3030,苏景熙,明,44
3031,黎延祖,明,44
3032,郭廑,明,44
3033,张凤翔,明,44
3034,石沆,明,43
3035,夏鍭,明,43
3036,葛昕,明,43
3037,王猷,明,43
3038,柳应芳,明,42
3039,沈一贯,明,42
3040,韩邦靖,明,42
3041,甘瑾,明,42
3042,高逊志,明,42
3043,陈良珍,明,42
3044,周光镐,明,42
3045,明秀,明,42
3046,秦旭,明,42
3047,申时行,明,41
3048,田汝?,明,41
3049,文林,明,41
3050,李贞,明,40
3051,徐繗,明,40
3052,陆釴,明,40
3053,陈伯康,明,40
3054,时太初,明,40
3055,徐宏祖,明,40
3056,区益,明,40
3057,薛纲,明,40
3058,盛时泰,明,39
3059,陆容,明,39
3060,周叙,明,39
3061,潘光统,明,39
3062,黎民衷,明,39
3063,张应申,明,39
3064,荪谷,明,39
3065,王钝,明,39
3066,李开先,明,39
3067,金銮,明,38
3068,傅汝楫,明,38
3069,沈愚,明,38
3070,李辕,明,38
3071,释今覞,明,38
3072,潘纬,明,37
3073,张淮,明,37
3074,邢宥,明,37
3075,刘克治,明,37
3076,李士淳,明,37
3077,释今帾,明,37
3078,法杲,明,37
3079,白圻,明,37
3080,郑珞,明,37
3081,商辂,明,37
3082,王鼎,明,36
3083,张夏,明,36
3084,钟惺,明,36
3085,陈桭,明,36
3086,张含,明,36
3087,王韦,明,36
3088,周玄,明,36
3089,黄钥,明,36
3090,李学曾,明,36
3091,李承芳,明,36
3092,戴奎,明,36
3093,苏福,明,35
3094,王慎中,明,35
3095,赵贞吉,明,35
3096,童佩,明,35
3097,丰坊,明,35
3098,王禹声,明,35
3099,林士元,明,35
3100,钱月龄,明,35
3101,李廷仪,明,35
3102,李胜原,明,35
3103,吕渊,明,35
3104,周旋,明,35
3105,魏称,明,35
3106,罗洪先,明,34
3107,徐威,明,34
3108,叶子奇,明,34
3109,郭槃,明,34
3110,张廷臣,明,34
3111,袁登道,明,34
3112,谢宗鍹,明,34
3113,胡安,明,33
3114,陈沂,明,33
3115,詹同,明,33
3116,梁柱臣,明,33
3117,朱士赞,明,33
3118,黎崇宣,明,33
3119,唐锦,明,33
3120,王英,明,32
3121,彭年,明,32
3122,李先芳,明,32
3123,刘大夏,明,32
3124,曾棨,明,32
3125,蜀成王,明,32
3126,唐秩,明,32
3127,林枝桥,明,32
3128,邓时雨,明,32
3129,谢矩,明,32
3130,陈鸿,明,31
3131,钱谦贞,明,31
3132,杭济,明,31
3133,周忱,明,31
3134,陈缉,明,31
3135,梁孜,明,31
3136,陈迁,明,31
3137,叶梦熊,明,31
3138,袁昌祚,明,31
3139,杨瑞云,明,31
3140,罗宾王,明,31
3141,邝思诰,明,31
3142,李觉斯,明,31
3143,释古易,明,31
3144,陈良贵,明,31
3145,王野,明,30
3146,张瑰,明,30
3147,许邦才,明,30
3148,王直,明,30
3149,姚光泮,明,30
3150,严而舒,明,30
3151,谢重华,明,30
3152,何允泓,明,29
3153,王伯稠,明,29
3154,程诰,明,29
3155,张和,明,29
3156,张楷,明,29
3157,张鸣韶,明,29
3158,康麟,明,29
3159,陈子龙,明,28
3160,王一鸣,明,28
3161,盛鸣世,明,28
3162,林章,明,28
3163,金大舆,明,28
3164,陈束,明,28
3165,黎瞻,明,28
3166,李以龙,明,28
3167,梁景先,明,28
3168,祁衍曾,明,28
3169,梁民相,明,28
3170,陈言,明,28
3171,靳贵,明,28
3172,王景,明,27
3173,刘师邵,明,27
3174,邢侗,明,27
3175,赵南星,明,27
3176,吕时臣,明,27
3177,陈完,明,27
3178,吴旦,明,27
3179,黄士俊,明,27
3180,何转书,明,27
3181,释通岸,明,27
3182,释今壁,明,27
3183,俞泰,明,27
3184,黄相,明,27
3185,陈登,明,27
3186,徐孚远,明,27
3187,王蒙,明,26
3188,孙承宗,明,26
3189,程可中,明,26
3190,李进（孟昭,明,26
3191,皇甫濂,明,26
3192,周用,明,26
3193,陈衡,明,26
3194,方国骅,明,26
3195,林廷模,明,26
3196,吴实,明,26
3197,陈继儒,明,25
3198,郑胤骥,明,25
3199,杨子器,明,25
3200,陈应元,明,25
3201,黄志尹,明,25
3202,徐问,明,25
3203,钱肃润,明,25
3204,周文,明,24
3205,呼文如,明,24
3206,徐有贞,明,24
3207,虞淳熙,明,24
3208,张璨,明,24
3209,唐穆,明,24
3210,胡庭兰,明,24
3211,黎邦琰,明,24
3212,霍尚守,明,24
3213,谢五娘,明,24
3214,王㒜,明,24
3215,朱睦㮮,明,24
3216,如兰,明,24
3217,王懋明,明,23
3218,张祥鸢,明,23
3219,平显,明,23
3220,施敬,明,23
3221,杨宛,明,23
3222,薛雍,明,23
3223,李以麟,明,23
3224,王元俸,明,23
3225,余玉馨,明,23
3226,李桢,明,23
3227,罗荣,明,23
3228,陈航,明,23
3229,阙名,明,22
3230,王衡,明,22
3231,张正蒙,明,22
3232,曹嘉,明,22
3233,黄云,明,22
3234,杨一清,明,22
3235,罗颀,明,22
3236,林敏,明,22
3237,赵撝谦,明,22
3238,海瑞,明,22
3239,黎崇勚,明,22
3240,梁亭表,明,22
3241,释今辩,明,22
3242,溥洽,明,22
3243,智舷,明,22
3244,朱硕熏,明,22
3245,秦耀,明,22
3246,陈玺,明,22
3247,陈崇德,明,22
3248,朱用纯,明,22
3249,郑琰,明,21
3250,逯昶,明,21
3251,汤胤绩,明,21
3252,良琦,明,21
3253,岑万,明,21
3254,黄鏊,明,21
3255,冯昌历,明,21
3256,李待问,明,21
3257,黄圣期,明,21
3258,张嗣垣,明,21
3259,何准道,明,21
3260,王琅,明,21
3261,佘五娘,明,21
3262,释道丘,明,21
3263,清濋,明,21
3264,陈钧,明,21
3265,黄㴻,明,21
3266,文洪,明,21
3267,王淮,明,20
3268,朱存理,明,20
3269,沈野,明,20
3270,陆之裘,明,20
3271,金大车,明,20
3272,方太古,明,20
3273,薛亹,明,20
3274,罗奕佐,明,20
3275,黎邦瑊,明,20
3276,释古邈,明,20
3277,释古义,明,20
3278,戴缙,明,20
3279,董少玉,明,20
3280,屠瑶瑟,明,20
3281,朱静庵,明,20
3282,安绍芳,明,20
3283,许景樊,明,20
3284,郑瑛,明,20
3285,陈维裕,明,20
3286,程可则,明,20
3287,丘逢甲,清,2000
3288,曹家达,清,1874
3289,陈维崧,清,1766
3290,郑孝胥,清,1630
3291,汪东,清,1432
3292,戴亨,清,1405
3293,陈曾寿,清,1321
3294,许南英,清,1290
3295,玄烨,清,1059
3296,林朝崧,清,1033
3297,陈宝琛,清,966
3298,黄遵宪,清,909
3299,孙原湘,清,906
3300,樊增祥,清,812
3301,许传霈,清,726
3302,林占梅,清,681
3303,易顺鼎,清,676
3304,缪公恩,清,675
3305,周岸登,清,645
3306,朱祖谋,清,642
3307,龚自珍,清,610
3308,吴湖帆,清,599
3309,金朝觐,清,588
3310,夏孙桐,清,581
3311,黄节,清,574
3312,钱澄之,清,565
3313,董元恺,清,550
3314,陈肇兴,清,550
3315,赵熙,清,539
3316,吴妍因,清,536
3317,胤禛,清,534
3318,李锴,清,524
3319,程颂万,清,518
3320,洪繻,清,507
3321,毛奇龄,清,486
3322,洪亮吉,清,460
3323,费墨娟,清,459
3324,纳兰性德,清,454
3325,吴绮,清,450
3326,张洵佳,清,442
3327,周之琦,清,430
3328,曾习经,清,426
3329,郑用锡,清,404
3330,孙元衡,清,401
3331,李宪噩,清,400
3332,戴梓,清,392
3333,郑文焯,清,388
3334,李慈铭,清,379
3335,顾太清,清,379
3336,杨玉衔,清,371
3337,陆求可,清,368
3338,曾廉,清,363
3339,张晋,清,358
3340,曹尔堪,清,355
3341,奕绘,清,352
3342,祝廷华,清,349
3343,杨圻,清,336
3344,曾广钧,清,333
3345,姚华,清,325
3346,牛焘,清,316
3347,王士禛,清,314
3348,张问陶,清,314
3349,严遂成,清,313
3350,金武祥,清,309
3351,弘历,清,305
3352,张鹏翮,清,304
3353,丁澎,清,303
3354,吴藻,清,300
3355,王季珠,清,297
3356,朱彝尊,清,296
3357,缪荃孙,清,296
3358,郭则沄,清,290
3359,蒋士铨,清,284
3360,周馨桂,清,283
3361,宋琬,清,280
3362,李希圣,清,277
3363,俞明震,清,277
3364,俞樾,清,275
3365,蒋春霖,清,274
3366,方仁渊,清,270
3367,史承谦,清,269
3368,项鸿祚,清,266
3369,沈尹默,清,265
3370,黄燮清,清,263
3371,邹祗谟,清,260
3372,陈匪石,清,260
3373,郑珍,清,259
3374,敦敏,清,259
3375,王士禄,清,259
3376,蒋敦复,清,257
3377,陈洵,清,255
3378,王易,清,255
3379,俞士彪,清,254
3380,柳是,清,253
3381,李寄,清,252
3382,王时翔,清,252
3383,曹贞吉,清,251
3384,彭孙遹,清,249
3385,顾贞观,清,248
3386,朱景英,清,247
3387,董以宁,清,241
3388,林旭,清,232
3389,陈三立,清,225
3390,高燮,清,224
3391,袁克文,清,223
3392,刘永济,清,221
3393,陈式金,清,220
3394,王松,清,219
3395,常纪,清,219
3396,杨芳灿,清,216
3397,多隆阿,清,216
3398,潘飞声,清,211
3399,厉鹗,清,209
3400,宁调元,清,208
3401,李振钧,清,206
3402,况周颐,清,203
3403,吴敬梓,清,201
3404,王策,清,199
3405,龚翔麟,清,198
3406,陈家庆,清,198
3407,高旭,清,194
3408,李符,清,191
3409,董俞,清,189
3410,赵我佩,清,188
3411,朱青长,清,188
3412,熊琏,清,186
3413,徐搢珊,清,186
3414,徐釚,清,183
3415,傅熊湘,清,180
3416,薛时雨,清,179
3417,康有为,清,179
3418,张之洞,清,178
3419,顾贞立,清,178
3420,柳亚子,清,176
3421,严复,清,175
3422,黄毓祺,清,175
3423,叶恭绰,清,174
3424,何振岱,清,171
3425,冯煦,清,171
3426,文廷式,清,170
3427,林则徐,清,170
3428,陈方恪,清,168
3429,何栻,清,167
3430,吕碧城,清,167
3431,纪昀,清,164
3432,陈世祥,清,161
3433,陆震,清,160
3434,黄文仪,清,157
3435,沈曾植,清,156
3436,郑国藩,清,156
3437,冒广生,清,155
3438,袁绶,清,154
3439,释敬安,清,153
3440,朱仕玠,清,153
3441,李良年,清,151
3442,梁启超,清,151
3443,范当世,清,150
3444,王鹏运,清,150
3445,奭良,清,149
3446,夏曾佑,清,146
3447,黄之隽,清,144
3448,梁鼎芬,清,142
3449,王国维,清,142
3450,毛澄,清,140
3451,张景祁,清,140
3452,庄棫,清,138
3453,张湄,清,138
3454,俞陛云,清,138
3455,曾国藩,清,136
3456,李雯,清,136
3457,黄永,清,134
3458,金兆蕃,清,134
3459,谭献,清,133
3460,范咸,清,130
3461,潘榕,清,129
3462,周贻繁,清,127
3463,章钰,清,124
3464,翁同和,清,123
3465,谈印梅,清,118
3466,严绳孙,清,117
3467,陈步墀,清,117
3468,张玉珍,清,116
3469,张慎仪,清,116
3470,高士奇,清,115
3471,张令仪,清,115
3472,左锡嘉,清,115
3473,苏曼殊,清,115
3474,薛昂若,清,114
3475,李长霞,清,113
3476,沈光文,清,113
3477,端木埰,清,113
3478,殷葆诚,清,112
3479,李宣龚,清,112
3480,张尔田,清,112
3481,叶绍本,清,111
3482,缪徵甲,清,110
3483,戴延介,清,110
3484,宋湘,清,109
3485,赵庆熹,清,109
3486,缪烜,清,109
3487,李佩金,清,105
3488,华蘅芳,清,105
3489,王闿运,清,105
3490,孙云凤,清,104
3491,许禧身,清,104
3492,刘天谊,清,104
3493,金应澍,清,103
3494,那逊兰保,清,103
3495,缪祐孙,清,102
3496,周凯,清,102
3497,查慎行,清,101
3498,陶德勋,清,101
3499,刘家谋,清,101
3500,徐灿,清,100
3501,庄盘珠,清,99
3502,刘琬怀,清,99
3503,严金清,清,98
3504,郑元昭,清,98
3505,吴保初,清,95
3506,宋荦,清,94
3507,沈皞日,清,94
3508,吴重憙,清,94
3509,张祥河,清,93
3510,周星誉,清,93
3511,吴尚憙,清,93
3512,陈祖绶,清,93
3513,曹雪芹,清,92
3514,姚瑩,清,90
3515,宋育仁,清,90
3516,陈锐,清,88
3517,杨宾,清,87
3518,杨葆光,清,87
3519,黄钧宰,清,87
3520,顾印愚,清,85
3521,沈岸登,清,85
3522,胡承珙,清,85
3523,杜文澜,清,85
3524,王润生,清,85
3525,俞庆曾,清,84
3526,叶璧华,清,84
3527,苏穆,清,82
3528,杨芸,清,81
3529,袁枚,清,80
3530,许德蘋,清,80
3531,洪锡爵,清,79
3532,卓肇昌,清,79
3533,邹韬,清,79
3534,王采薇,清,78
3535,左锡璇,清,78
3536,梁成楠,清,78
3537,洪炳文,清,78
3538,胡薇元,清,78
3539,吴绡,清,77
3540,张廷寿,清,76
3541,巨赞,清,76
3542,陈衍,清,73
3543,郭曾炘,清,71
3544,邓瑜,清,71
3545,佟世南,清,70
3546,李岳瑞,清,70
3547,曹慎仪,清,68
3548,缪重熙,清,68
3549,夏子麟,清,68
3550,郑燮,清,67
3551,王又旦,清,67
3552,顾翎,清,67
3553,金科豫,清,67
3554,周祖同,清,67
3555,赵翼,清,65
3556,关锳,清,65
3557,李鸿章,清,64
3558,六十七,清,64
3559,陈维英,清,64
3560,李邺嗣,清,63
3561,裴维安,清,62
3562,钱曾,清,61
3563,黄景仁,清,61
3564,张玉纶,清,61
3565,曹俊,清,61
3566,顾炎武,清,60
3567,宗婉,清,60
3568,汪琬,清,59
3569,恽格,清,59
3570,陈瑚,清,59
3571,沈善宝,清,59
3572,李含章,清,58
3573,夏之芳,清,58
3574,缪焕章,清,57
3575,陈毓瑞,清,57
3576,徐树铮,清,57
3577,李因笃,清,56
3578,姚范,清,56
3579,阮恩滦,清,56
3580,江瑛,清,56
3581,魏元戴,清,55
3582,沈德潜,清,54
3583,姚鼐,清,54
3584,谢金銮,清,54
3585,徐庭翼,清,54
3586,黄任,清,53
3587,郁永河,清,53
3588,成多禄,清,53
3589,慕昌溎,清,53
3590,张珊英,清,53
3591,陈熙治,清,53
3592,赵清瑞,清,53
3593,钱蘅生,清,53
3594,杨浚,清,52
3595,王存,清,52
3596,杭世骏,清,52
3597,孙荪意,清,52
3598,张印,清,52
3599,严永华,清,52
3600,钱斐仲,清,52
3601,杨浣芬,清,52
3602,黄摩西,清,52
3603,张惠言,清,51
3604,庄德芬,清,51
3605,翁瑞恩,清,51
3606,孙云鹤,清,50
3607,陈辉,清,49
3608,吕采芝,清,49
3609,陆蓉佩,清,49
3610,王家枚,清,49
3611,严既澄,清,49
3612,钱载,清,48
3613,李稷勋,清,48
3614,王芑孙,清,48
3615,吴茝,清,48
3616,曾彦,清,48
3617,赵芬,清,48
3618,翁方刚,清,47
3619,法式善,清,47
3620,朱中楣,清,47
3621,钱孟钿,清,47
3622,吴性诚,清,47
3623,金锷,清,47
3624,陈寅恪,清,47
3625,吴嘉纪,清,46
3626,邢昉,清,46
3627,张祥龄,清,46
3628,钱陆灿,清,46
3629,梁启勋,清,46
3630,赵执信,清,45
3631,黄宗羲,清,45
3632,姚浚昌,清,45
3633,金和,清,45
3634,葛宜,清,45
3635,范贞仪,清,45
3636,王贞仪,清,45
3637,沈榛,清,45
3638,吴希鄂,清,45
3639,李?媖,清,44
3640,屈蕙纕,清,44
3641,蔡见先,清,44
3642,蒋葆元,清,44
3643,吴曾徯,清,44
3644,孙思敬,清,44
3645,吴山,清,43
3646,谭嗣同,清,43
3647,田雯,清,43
3648,吴振棫,清,43
3649,施补华,清,43
3650,梁德绳,清,43
3651,归懋仪,清,43
3652,王倩,清,43
3653,郑兰孙,清,42
3654,成书,清,42
3655,周寿昌,清,42
3656,张佩纶,清,42
3657,缪思勃,清,42
3658,秦廷璧,清,42
3659,李銮宣,清,41
3660,张友书,清,41
3661,陆茜,清,41
3662,黄琬璚,清,41
3663,王家枢,清,41
3664,朱筠,清,40
3665,杨思圣,清,40
3666,魏源,清,40
3667,叶方霭,清,40
3668,多敏,清,40
3669,元璟,清,40
3670,萧恒贞,清,40
3671,陶淑,清,40
3672,朱煌,清,40
3673,刘慎荣,清,40
3674,冯幵,清,40
3675,何震彝,清,39
3676,沈纕,清,39
3677,曹景芝,清,39
3678,王尔烈,清,39
3679,聂树楷,清,39
3680,徐骘民,清,39
3681,冯班,清,38
3682,潘耒,清,38
3683,张绉英,清,38
3684,黄叔璥,清,38
3685,王恩浩,清,38
3686,陆汝猷,清,38
3687,王泰偕,清,38
3688,苏镜潭,清,38
3689,韩氏,清,37
3690,秦松龄,清,37
3691,朱圭,清,37
3692,高心夔,清,37
3693,萧雄,清,37
3694,缪珠荪,清,37
3695,舒位,清,36
3696,钱仪吉,清,36
3697,夏伊兰,清,36
3698,吴子光,清,36
3699,吴雯,清,35
3700,席佩兰,清,35
3701,雷钟德,清,35
3702,徐大镛,清,35
3703,孙鼎臣,清,35
3704,沈鹊应,清,35
3705,蔡国琳,清,35
3706,觉罗四明,清,35
3707,于右任,清,35
3708,方文,清,34
3709,胡延,清,34
3710,黎简,清,34
3711,殷秉玑,清,34
3712,胡健,清,34
3713,许咏仁,清,34
3714,顾景星,清,33
3715,过春山,清,33
3716,何绍基,清,33
3717,赵怀玉,清,33
3718,陈锡金,清,33
3719,施钰,清,33
3720,黄金石,清,33
3721,王昶,清,32
3722,申涵光,清,32
3723,邵长蘅,清,32
3724,吕履恒,清,32
3725,王拯,清,32
3726,周映清,清,32
3727,杨继端,清,32
3728,陆珊,清,32
3729,查元鼎,清,32
3730,吴廷华,清,32
3731,刘嗣绾,清,32
3732,陈毅,清,31
3733,福临,清,31
3734,永瑆,清,31
3735,陈廷敬,清,31
3736,唐赞衮,清,31
3737,鲍之芬,清,31
3738,许诵珠,清,31
3739,郑登瀛,清,31
3740,袁世凯,清,31
3741,施景琛,清,31
3742,谢蕙,清,31
3743,华长发,清,31
3744,李炳灵,清,31
3745,施梅樵,清,31
3746,周亮工,清,30
3747,仓央嘉措,清,30
3748,钱琦,清,30
3749,王又曾,清,30
3750,史善长,清,30
3751,齐体物,清,30
3752,许雷地,清,30
3753,杜浚,清,29
3754,叶燮,清,29
3755,允禧,清,29
3756,袁佑,清,29
3757,汤右曾,清,29
3758,吴铭道,清,29
3759,吴颖芳,清,29
3760,谭宗浚,清,29
3761,柯劭慧,清,29
3762,孔祥淑,清,29
3763,周翼椿,清,29
3764,濮文绮,清,29
3765,徐元瑞,清,29
3766,罗秀惠,清,29
3767,程素绚,清,29
3768,饶芝祥,清,29
3769,傅锡祺,清,29
3770,潘高,清,28
3771,黄金台,清,28
3772,张笃庆,清,28
3773,纪迈宜,清,28
3774,王鸣盛,清,28
3775,祁寯藻,清,28
3776,包兰瑛,清,28
3777,高佩华,清,28
3778,吕敦礼,清,28
3779,宋永清,清,28
3780,张之纯,清,28
3781,温权甫,清,28
3782,陈之遴,清,27
3783,孙枝蔚,清,27
3784,文昭,清,27
3785,冯廷櫆,清,27
3786,陈鹏年,清,27
3787,惠周惕,清,27
3788,鄂尔泰,清,27
3789,许廷鑅,清,27
3790,李重华,清,27
3791,邵懿辰,清,27
3792,吴兰畹,清,27
3793,蒋纫兰,清,27
3794,曹玘,清,27
3795,赖世观,清,27
3796,余文仪,清,27
3797,夏炜如,清,27
3798,张振,清,27
3799,陈嘉,清,26
3800,钱凤纶,清,26
3801,塞尔赫,清,26
3802,博尔都,清,26
3803,高其倬,清,26
3804,钱杜,清,26
3805,邓廷桢,清,26
3806,莫友芝,清,26
3807,夏诒钰,清,26
3808,袁昶,清,26
3809,梅文明,清,26
3810,屠寄,清,26
3811,金逸,清,26
3812,李端临,清,26
3813,钱湘,清,26
3814,杜贵墀,清,26
3815,汪淑娟,清,26
3816,刘炳照,清,26
3817,王恩汾,清,26
3818,王士元,清,25
3819,彭孙贻,清,25
3820,阮元,清,25
3821,吴兆骞,清,25
3822,书諴,清,25
3823,胡承诺,清,25
3824,方殿元,清,25
3825,吕留良,清,25
3826,钱陈群,清,25
3827,梦麟,清,25
3828,韩是升,清,25
3829,张鹤龄,清,25
3830,金墀,清,25
3831,曾懿,清,25
3832,葛秀英,清,25
3833,乌竹芳,清,25
3834,徐必观,清,25
3835,王仲霞,清,25
3836,陈柄德,清,25
3837,陈景元,清,24
3838,傅山,清,24
3839,江湜,清,24
3840,汪楫,清,24
3841,张盖,清,24
3842,殷岳,清,24
3843,黎士弘,清,24
3844,颜光敏,清,24
3845,沈用济,清,24
3846,张廷璐,清,24
3847,马朴臣,清,24
3848,茹纶常,清,24
3849,颜检,清,24
3850,宗稷辰,清,24
3851,李宗瀛,清,24
3852,罗大佑,清,24
3853,张百熙,清,24
3854,罗运崃,清,24
3855,百保,清,24
3856,范淑,清,24
3857,慧霖,清,24
3858,许淑慧,清,24
3859,季兰韵,清,24
3860,王竹修,清,24
3861,郑用鉴,清,24
3862,庄年,清,24
3863,慈国璋,清,24
3864,李恰,清,24
3865,薛镛,清,24
3866,秦涌,清,24
3867,吕惠如,清,24
3868,周水平,清,24
3869,王士祯,清,23
3870,金至元,清,23
3871,陆世仪,清,23
3872,吴之振,清,23
3873,周起渭,清,23
3874,尹继善,清,23
3875,金志章,清,23
3876,赵文哲,清,23
3877,彭兆荪,清,23
3878,李兆洛,清,23
3879,包世臣,清,23
3880,梅曾亮,清,23
3881,黄爵滋,清,23
3882,毛国翰,清,23
3883,沈彩,清,23
3884,储慧,清,23
3885,柯培元,清,23
3886,章简,清,23
3887,曹亮武,清,23
3888,胡汉民,清,23
3889,陈训正,清,23
3890,万寿祺,清,22
3891,赵进美,清,22
3892,彭玉麟,清,22
3893,孙桐生,清,22
3894,陶澄,清,22
3895,张文光,清,22
3896,周茂源,清,22
3897,周龙藻,清,22
3898,郑世元,清,22
3899,李宪乔,清,22
3900,吴文溥,清,22
3901,方士淦,清,22
3902,潘祖荫,清,22
3903,陈书（伯初,清,22
3904,劳蓉君,清,22
3905,赵友兰,清,22
3906,林耀亭,清,22
3907,陈廷宪,清,22
3908,缪葆忠,清,22
3909,唐芑,清,22
3910,万锦雯,清,22
3911,江开,清,21
3912,刘逢源,清,21
3913,姚燮,清,21
3914,章有湘,清,21
3915,傅为霖,清,21
3916,乌尔恭阿,清,21
3917,李天馥,清,21
3918,徐乾学,清,21
3919,邓汉仪,清,21
3920,张坦,清,21
3921,商盘,清,21
3922,盛锦,清,21
3923,朱琦,清,21
3924,沈钦韩,清,21
3925,姚椿,清,21
3926,汤贻汾,清,21
3927,边浴礼,清,21
3928,于式枚,清,21
3929,徐坊,清,21
3930,曹鉴冰,清,21
3931,胡缘,清,21
3932,任崧珠,清,21
3933,祖观,清,21
3934,许梦青,清,21
3935,郑鹏云,清,21
3936,高拱乾,清,21
3937,薛约,清,21
3938,承培元,清,21
3939,陈以豫,清,21
3940,方朝,清,21
3941,史惟圆,清,21
3942,叶昌炽,清,21
3943,沙元炳,清,21
3944,陈虔安,清,21
3945,薛琼,清,20
3946,王宾,清,20
3947,余京,清,20
3948,黄琮,清,20
3949,顾若璞,清,20
3950,高珩,清,20
3951,刘城,清,20
3952,余怀,清,20
3953,陆次云,清,20
3954,孙蕙,清,20
3955,韩菼,清,20
3956,费锡璜,清,20
3957,曹禾,清,20
3958,顾嗣立,清,20
3959,梁佩兰,清,20
3960,彭维新,清,20
3961,张照,清,20
3962,杨二酉,清,20
3963,万光泰,清,20
3964,毕沅,清,20
3965,褚廷璋,清,20
3966,桂馥,清,20
3967,斌良,清,20
3968,黎兆勋,清,20
3969,王先谦,清,20
3970,谢章铤,清,20
3971,张祖继,清,20
3972,晓青,清,20
3973,唐蕴贞,清,20
3974,钟筠,清,20
3975,周在镐,清,20
3976,陆懿淑,清,20
3977,陈学洙,清,20
3978,宋伯鲁,清,20
3979,纪映钟,清,19
3980,屈复,清,19
3981,王广心,清,19
3982,曹寅,清,19
3983,刘廷玑,清,19
3984,仝轨,清,19
3985,李予望,清,19
3986,陈浩,清,19
3987,张鹏翀,清,19
3988,陈兆仑,清,19
3989,查礼,清,19
3990,和瑛,清,19
3991,孙尔准,清,19
3992,徐宗干,清,19
3993,沈丙莹,清,19
3994,孙衣言,清,19
3995,杨彝珍,清,19
3996,蒋曰豫,清,19
3997,宋书升,清,19
3998,萧道管,清,19
3999,钱念生,清,19
4000,凌祉媛,清,19
4001,江日升,清,19
4002,蔡廷兰,清,19
4003,缪九畴,清,19
4004,陈毓秀,清,19
4005,祝书根,清,19
4006,缪赞熙,清,19
4007,王树楠,清,19
4008,秦燮,清,19
4009,吴锡麒,清,18
4010,郭麟,清,18
4011,阎尔梅,清,18
4012,邱晋成,清,18
4013,郜焕元,清,18
4014,徐元文,清,18
4015,张玉书,清,18
4016,林麟焻,清,18
4017,胡会恩,清,18
4018,周钟瑄,清,18
4019,徐昂发,清,18
4020,谢重辉,清,18
4021,李必恒,清,18
4022,陈祖范,清,18
4023,刘大櫆,清,18
4024,诸锦,清,18
4025,翁照,清,18
4026,王汝璧,清,18
4027,钱澧,清,18
4028,吴进,清,18
4029,张履,清,18
4030,汤鹏,清,18
4031,潘德舆,清,18
4032,李联琇,清,18
4033,董文涣,清,18
4034,任其昌,清,18
4035,谭廷献,清,18
4036,陈遹声,清,18
4037,叶在琦,清,18
4038,赵金鉴,清,18
4039,侯承恩,清,18
4040,陈尔士,清,18
4041,张秀端,清,18
4042,张纶英,清,18
4043,江韵梅,清,18
4044,王嗣晖,清,18
4045,惠远谟,清,18
4046,清恒,清,18
4047,林鹤年,清,18
4048,林维丞,清,18
4049,黄家鼎,清,18
4050,卢德嘉,清,18
4051,陆懿和,清,18
4052,赵承光,清,18
4053,孔毓玑,清,18
4054,刘师培,清,18
4055,载湉,清,17
4056,齐召南,清,17
4057,李秉礼,清,17
4058,周济,清,17
4059,旻宁,清,17
4060,蕴端,清,17
4061,恒仁,清,17
4062,陈洪绶,清,17
4063,朱嘉徵,清,17
4064,汪绎,清,17
4065,纪逵宜,清,17
4066,蓝鼎元,清,17
4067,桑调元,清,17
4068,王太岳,清,17
4069,周准,清,17
4070,汪缙,清,17
4071,李鼎元,清,17
4072,冯敏昌,清,17
4073,严烺,清,17
4074,喻文鏊,清,17
4075,李惺,清,17
4076,端木国瑚,清,17
4077,郑献甫,清,17
4078,岑澄,清,17
4079,沈谨学,清,17
4080,李应莘,清,17
4081,许振祎,清,17
4082,赵国华,清,17
4083,吴汝纶,清,17
4084,濮文暹,清,17
4085,黄绍箕,清,17
4086,张荫桓,清,17
4087,林以宁,清,17
4088,方芳佩,清,17
4089,恽珠,清,17
4090,文静玉,清,17
4091,卢德仪,清,17
4092,梁霭,清,17
4093,缪宝娟,清,17
4094,陈珍瑶,清,17
4095,李道清,清,17
4096,李慎溶,清,17
4097,汪廷桂,清,17
4098,陶育,清,17
4099,徐宗达,清,17
4100,许英,清,17
4101,郁植,清,17
4102,陈融,清,17
4103,杨鸾,清,16
4104,王照,清,16
4105,王锡,清,16
4106,冒襄,清,16
4107,潘柽章,清,16
4108,梁以樟,清,16
4109,张英,清,16
4110,汪懋麟,清,16
4111,王鸿绪,清,16
4112,龙燮,清,16
4113,史夔,清,16
4114,管棆,清,16
4115,沈钦圻,清,16
4116,蒋廷锡,清,16
4117,缪沅,清,16
4118,陈德正,清,16
4119,汪仲鈖,清,16
4120,顾光旭,清,16
4121,张锡祚,清,16
4122,刘应陛,清,16
4123,杨廷理,清,16
4124,王苏,清,16
4125,欧阳辂,清,16
4126,凌扬藻,清,16
4127,邵葆祺,清,16
4128,陈寿祺,清,16
4129,刘敦元,清,16
4130,左宗植,清,16
4131,龙启瑞,清,16
4132,徐树铭,清,16
4133,赵树吉,清,16
4134,罗泽南,清,16
4135,黎庶焘,清,16
4136,邓辅纶,清,16
4137,郭式昌,清,16
4138,汪瑔,清,16
4139,张学雅,清,16
4140,何慧生,清,16
4141,俞绣孙,清,16
4142,钱淑生,清,16
4143,俞玫,清,16
4144,屈秉筠,清,16
4145,贺双卿,清,16
4146,孙瑩培,清,16
4147,方彦珍,清,16
4148,赖绍尧,清,16
4149,杨桂森,清,16
4150,曾逢辰,清,16
4151,陈学圣,清,16
4152,董正官,清,16
4153,汪怡甲,清,16
4154,王德爵,清,16
4155,沈受宏,清,16
4156,顾绍敏,清,16
4157,李果,清,16
4158,陆楣,清,16
4159,肖雄,清,16
4160,王则修,清,16
4161,章炳麟,清,16
4162,张藻,清,15
4163,王应辰,清,15
4164,许友,清,15
4165,曾燠,清,15
4166,颙琰,清,15
4167,弘瞻,清,15
4168,奕欣,清,15
4169,魏禧,清,15
4170,朱鹤龄,清,15
4171,李澄中,清,15
4172,张远,清,15
4173,方式济,清,15
4174,田榕,清,15
4175,张梁,清,15
4176,裘琏,清,15
4177,叶舒璐,清,15
4178,方还,清,15
4179,国梁,清,15
4180,舒瞻,清,15
4181,甘运源,清,15
4182,汪学金,清,15
4183,李宗瀚,清,15
4184,吴嵩梁,清,15
4185,谢兰生,清,15
4186,江之纪,清,15
4187,符兆纶,清,15
4188,蒋湘南,清,15
4189,黄彭年,清,15
4190,龚易图,清,15
4191,商景徽,清,15
4192,蔡琬,清,15
4193,钟令嘉,清,15
4194,郭步韫,清,15
4195,袁机,清,15
4196,阚寿坤,清,15
4197,刘文嘉,清,15
4198,性道人,清,15
4199,德月,清,15
4200,卓梦采,清,15
4201,孙霖,清,15
4202,吕成家,清,15
4203,谢家树,清,15
4204,李若琳,清,15
4205,陆祖瀛,清,15
4206,童玮,清,15
4207,袁嘉,清,15
4208,沈允慎,清,15
4209,陈璋,清,15
4210,惠士奇,清,15
4211,苏履吉,清,15
4212,瞿鸿禨,清,15
4213,王其元,清,15
4214,黄浚,近代,1282
4215,连横,近代,990
4216,赵尊岳,近代,657
4217,聂绀弩,近代,642
4218,龙榆生,近代,608
4219,顾随,近代,516
4220,黄侃,近代,495
4221,李洸,近代,469
4222,吴未淳,近代,454
4223,沙曾达,近代,417
4224,施蛰存,近代,399
4225,寇梦碧,近代,384
4226,饶宗颐,近代,381
4227,卢前,近代,361
4228,刘凤梧,近代,333
4229,张采庵,近代,329
4230,田遨,近代,323
4231,黄公渚,近代,322
4232,钱钟书,近代,292
4233,朱帆,近代,290
4234,黄松鹤,近代,268
4235,张伯驹,近代,266
4236,乔大壮,近代,263
4237,姚鹓雏,近代,260
4238,袁荣法,近代,255
4239,金天羽,近代,249
4240,汪精卫,近代,247
4241,汪石青,近代,239
4242,许宝蘅,近代,236
4243,袁思亮,近代,235
4244,徐震堮,近代,235
4245,俞律,近代,232
4246,丁宁,近代,232
4247,黄假我,近代,231
4248,朱庸斋,近代,227
4249,萧梦霞,近代,222
4250,叶云峰,近代,222
4251,刘家传,近代,218
4252,沈祖棻,近代,213
4253,邓嘉缜,近代,212
4254,谢龙升,近代,207
4255,潘受,近代,204
4256,詹安泰,近代,202
4257,郁达夫,近代,200
4258,庞俊,近代,193
4259,李冰若,近代,193
4260,单人耘,近代,193
4261,黄咏雩,近代,193
4262,林庚白,近代,190
4263,程千帆,近代,187
4264,李祁,近代,184
4265,洪存恕,近代,180
4266,王益初,近代,179
4267,张克家,近代,178
4268,邓潜,近代,178
4269,冯振,近代,175
4270,张瑞玑,近代,172
4271,杨寿杓,近代,170
4272,郭风惠,近代,169
4273,林散之,近代,168
4274,吴玉如,近代,162
4275,王陆一,近代,162
4276,宗远崖,近代,161
4277,吴寿彭,近代,160
4278,杨民仁,近代,158
4279,夏承焘,近代,152
4280,刘鹏年,近代,152
4281,刘蘅,近代,149
4282,陈独秀,近代,146
4283,茅于美,近代,143
4284,吴梅,近代,140
4285,舒庆春,近代,139
4286,方守敦,近代,139
4287,唐圭璋,近代,139
4288,温倩华,近代,138
4289,罗元贞,近代,136
4290,薛青萍,近代,135
4291,罗锦堂,近代,132
4292,吴昌绶,近代,130
4293,王季思,近代,129
4294,喻蘅,近代,128
4295,胡士瑩,近代,127
4296,沈轶刘,近代,126
4297,张中行,近代,124
4298,溥儒,近代,123
4299,冒效鲁,近代,123
4300,张鸿,近代,122
4301,马一浮,近代,121
4302,田翠竹,近代,121
4303,黄锡朋,近代,120
4304,洪传经,近代,120
4305,周作人,近代,120
4306,骆成骧,近代,120
4307,陈逸云,近代,120
4308,顾宪融,近代,118
4309,佟绍弼,近代,116
4310,俞长源,近代,114
4311,方鹤斋,近代,111
4312,袁嘉谷,近代,111
4313,苏大山,近代,110
4314,石声汉,近代,110
4315,胡雪抱,近代,109
4316,严古津,近代,109
4317,金启孮,近代,109
4318,俞平伯,近代,108
4319,王彦行,近代,108
4320,范天烈,近代,108
4321,黄福基,近代,108
4322,白敦仁,近代,106
4323,张珍怀,近代,105
4324,刘永平,近代,104
4325,李继熙,近代,102
4326,萧劳,近代,101
4327,王韶生,近代,99
4328,徐兆玮,近代,98
4329,宋词,近代,96
4330,谢觐虞,近代,96
4331,王昌麟,近代,95
4332,许家惺,近代,95
4333,汪玢,近代,94
4334,张鳦生,近代,94
4335,邓桐芬,近代,94
4336,刘东父,近代,92
4337,李西庚,近代,90
4338,毛泽东,近代,89
4339,常燕生,近代,87
4340,周云阁,近代,87
4341,胡绳,近代,82
4342,彭靖,近代,82
4343,唐鼎元,近代,81
4344,马叙伦,近代,81
4345,孙俊在,近代,81
4346,孙玄常,近代,80
4347,胡先骕,近代,80
4348,冯其庸,近代,76
4349,郁曼陀,近代,76
4350,王浩,近代,75
4351,孙保圻,近代,75
4352,孔凡章,近代,74
4353,张涤华,近代,72
4354,刘咸荥,近代,70
4355,徐炯,近代,70
4356,常国武,近代,68
4357,鲁迅,近代,67
4358,吴世昌,近代,67
4359,王用宾,近代,65
4360,苏渊雷,近代,64
4361,郭象升,近代,64
4362,章以荣,近代,62
4363,邱汝滨,近代,60
4364,彭鹤濂,近代,60
4365,吕小薇,近代,60
4366,吴文治,近代,60
4367,冯君辉,近代,60
4368,丰子恺,近代,59
4369,黄祝蕖,近代,59
4370,吴虞,近代,58
4371,陈湋,近代,57
4372,涂世恩,近代,56
4373,杜关,近代,54
4374,龚隐轩,近代,54
4375,夏纬明,近代,53
4376,芮麟,近代,53
4377,钱仲联,近代,52
4378,钟敬文,近代,52
4379,陈去病,近代,52
4380,席子研,近代,52
4381,黄光,近代,52
4382,江庸,近代,51
4383,刘逸生,近代,51
4384,缪钺,近代,51
4385,启功,近代,50
4386,马继华,近代,50
4387,盛世英,近代,50
4388,梁三苏,近代,49
4389,黄仁基,近代,49
4390,金紫衡,近代,49
4391,朱荫龙,近代,48
4392,李超琼,近代,47
4393,刘瑞清,近代,47
4394,王再咸,近代,45
4395,杨易霖,近代,45
4396,李仲林,近代,45
4397,缪祉保,近代,44
4398,释木鱼,近代,42
4399,李叔同,近代,42
4400,刘清漳,近代,42
4401,王冷斋,近代,41
4402,龚锡圭,近代,41
4403,周采泉,近代,40
4404,宛敏灏,近代,39
4405,温树校,近代,39
4406,芍印,近代,39
4407,苏启元,近代,38
4408,杨杏佛,近代,38
4409,梅冷生,近代,38
4410,陆玄默,近代,38
4411,石维岩,近代,37
4412,秋瑾,近代,37
4413,赵清源,近代,36
4414,何满子,近代,36
4415,曾国才,近代,36
4416,叶楚伧,近代,36
4417,顾学颉,近代,36
4418,郑猷,近代,34
4419,廖光,近代,34
4420,杨赓笙,近代,34
4421,陈小翠,近代,32
4422,张秉衡,近代,31
4423,裘祖诰,近代,30
4424,舒云逵,近代,30
4425,吴庆焘,近代,30
4426,萧萐父,近代,30
4427,黄英,近代,29
4428,张朝墉,近代,29
4429,李永镇,近代,28
4430,吴绍烈,近代,28
4431,侯学愈,近代,28
4432,魏毓兰,近代,27
4433,陈衡恪,近代,27
4434,郭仲达,近代,26
4435,朱子镛,近代,26
4436,王理孚,近代,26
4437,邢锦生,近代,25
4438,吴天鹏,近代,24
4439,蒋士超,近代,24
4440,茅盾,近代,23
4441,吴圣和,近代,23
4442,邓拓,近代,22
4443,章衣萍,近代,22
4444,刘海粟,近代,22
4445,麦孟华,近代,21
4446,冯誉骢,近代,21
4447,薛建吾,近代,21
4448,吴卓澄,近代,21
4449,钱少华,近代,21
4450,刘济农,近代,21
4451,胡汀鹭,近代,21
4452,顾毓琇,近代,21
4453,何金江,近代,21
4454,刘玉璋,近代,20
4455,夏纬森,近代,20
4456,凌学攽,近代,20
4457,朱自清,近代,19
4458,沈昌眉,近代,19
4459,刘大白,近代,19
4460,吴之英,近代,18
4461,宋辅仁,近代,18
4462,吴嘉谟,近代,18
4463,顾保瑢,近代,18
4464,朱士嵩,近代,18
4465,暴焕章,近代,18
4466,范廷铨,近代,18
4467,孙肇圻,近代,18
4468,徐谦,近代,17
4469,吴朝品,近代,17
4470,周凤翔,近代,17
4471,曹明贤,近代,17
4472,张充和,近代,17
4473,李景复,近代,16
4474,惺伯民,近代,16
4475,梁季子,近代,16
4476,胡山源,近代,16
4477,杨味云,近代,16
4478,陈顺彬,近代,15
4479,王汝赓,近代,15
4480,冯明权,近代,15
4481,王亚南,近代,15
4482,徐征吉,近代,15
4483,侯鸿鉴,近代,15
4484,张北海,近代,15
4485,萧碧梧,近代,14
4486,胡怀琛,近代,14
4487,周学藩,近代,14
4488,谢冶盦,近代,14
4489,王锡玙,近代,14
4490,严雁峰,近代,13
4491,魏幼禽,近代,13
4492,廖慕禹,近代,13
4493,殷曰同,近代,13
4494,廉泉,近代,13
4495,邓缵先,近代,13
4496,温见,近代,13
4497,梁鸿志,近代,12
4498,于氏（沧州,近代,12
4499,王宣猷,近代,11
4500,江上青,近代,11
4501,李释戡,近代,11
4502,吴中伟,近代,11
4503,刘文中,近代,11
4504,王瑞甫,近代,11
4505,安鉴培,近代,11
4506,孙揆均,近代,11
4507,溥叔明,近代,11
4508,丁三在,近代,11
4509,宋一鸿,近代,11
4510,吴则虞,近代,10
4511,邱清泉,近代,10
4512,梁清芬,近代,10
4513,万正常,近代,10
4514,赵增瑀,近代,10
4515,王宸居,近代,10
4516,孙家遂,近代,10
4517,林南强,近代,10
4518,吕思勉,近代,10
4519,薛双甲,近代,10
4520,杜芷芗,近代,10
4521,殷质卿,近代,10
4522,钱穆,近代,10
4523,卢青山,当代,2000
4524,陈振家,当代,1745
4525,陈永正,当代,1659
4526,伯昏子,当代,1365
4527,崔荣江,当代,1062
4528,程滨,当代,1050
4529,添雪斋,当代,929
4530,何永沂,当代,920
4531,陈忠平,当代,805
4532,熊盛元,当代,776
4533,傅义,当代,652
4534,姚佳,当代,651
4535,秦鸿,当代,646
4536,吴金水,当代,643
4537,陈仁德,当代,603
4538,黄绮,当代,596
4539,蔡淑萍,当代,574
4540,金鉴才,当代,497
4541,熊东遨,当代,465
4542,魏新河,当代,395
4543,余菊庵,当代,337
4544,张力夫,当代,329
4545,杨启宇,当代,326
4546,胡云飞,当代,313
4547,张月宇,当代,312
4548,王蛰堪,当代,308
4549,谷海鹰,当代,304
4550,刘雄,当代,298
4551,吴灏,当代,263
4552,周燕婷,当代,253
4553,张海鸥,当代,251
4554,潘乐乐,当代,239
4555,林英男,当代,223
4556,章士钊,当代,198
4557,钟锦,当代,192
4558,李达,当代,188
4559,赵文漪,当代,183
4560,王引,当代,182
4561,石任之,当代,178
4562,江南雨,当代,172
4563,幻庐,当代,165
4564,钱之江,当代,157
4565,冯永军,当代,155
4566,张文胜,当代,149
4567,裴涛,当代,140
4568,顾敏燕,当代,119
4569,刘斯奋,当代,119
4570,魏元旷,当代,113
4571,黄克孙,当代,105
4572,张伯元,当代,104
4573,李映斌,当代,98
4574,张恨水,当代,98
4575,汤国梨,当代,97
4576,李梦唐,当代,91
4577,林修竹,当代,90
4578,邱登成,当代,89
4579,汪岳尊,当代,89
4580,杨雪窗,当代,88
4581,许白凤,当代,87
4582,邵祖平,当代,85
4583,王陈常,当代,83
4584,汪洋,当代,78
4585,袁思古,当代,78
4586,刘梦芙,当代,71
4587,陈伟强,当代,67
4588,卢鸿基,当代,55
4589,刘斯翰,当代,54
4590,汪梦川,当代,54
4591,汪茂荣,当代,51
4592,金问泗,当代,49
4593,姜军,当代,47
4594,张崇光,当代,47
4595,梁羽生,当代,43
4596,徐平,当代,38
4597,梅绍农,当代,36
4598,郭汉城,当代,35
4599,黄万里,当代,34
4600,刘季高,当代,33
4601,金庸,当代,32
4602,邵林,当代,31
4603,莫德光,当代,28
4604,尹文敬,当代,28
4605,徐英,当代,26
4606,陈从周,当代,25
4607,问云,当代,24
4608,曹菁,当代,23
4609,朱生豪,当代,21
4610,梅际郇,当代,21
4611,李汝伦,当代,20
4612,邹金灿,当代,20
4613,潘静淑,当代,20
4614,关振东,当代,19
4615,廖仲恺,当代,19
4616,胡乔木,当代,18
4617,刘峻,当代,17
4618,王翼奇,当代,17
4619,陈述元,当代,15
4620,杨鸿章,当代,15
4621,雷履平,当代,15
4622,胡遐之,当代,14
4623,溥杰,当代,14
4624,邱及,当代,14
4625,李凌云,当代,13
4626,陈凡,当代,12
4627,柏杨,当代,12
4628,浦江清,当代,12
4629,宋景昌,当代,11
4630,陈伟,当代,10
4631,马千希,当代,10
4632,乐时鸣,当代,10
4633,尹鹗 六首,未知,3
